-- MySQL dump 10.13  Distrib 5.7.9, for osx10.9 (x86_64)
--
-- Host: localhost    Database: scoring_development
-- ------------------------------------------------------
-- Server version	5.7.9

/*!40101 SET @OLD_CHARACTER_SET_CLIENT=@@CHARACTER_SET_CLIENT */;
/*!40101 SET @OLD_CHARACTER_SET_RESULTS=@@CHARACTER_SET_RESULTS */;
/*!40101 SET @OLD_COLLATION_CONNECTION=@@COLLATION_CONNECTION */;
/*!40101 SET NAMES utf8 */;
/*!40103 SET @OLD_TIME_ZONE=@@TIME_ZONE */;
/*!40103 SET TIME_ZONE='+00:00' */;
/*!40014 SET @OLD_UNIQUE_CHECKS=@@UNIQUE_CHECKS, UNIQUE_CHECKS=0 */;
/*!40014 SET @OLD_FOREIGN_KEY_CHECKS=@@FOREIGN_KEY_CHECKS, FOREIGN_KEY_CHECKS=0 */;
/*!40101 SET @OLD_SQL_MODE=@@SQL_MODE, SQL_MODE='NO_AUTO_VALUE_ON_ZERO' */;
/*!40111 SET @OLD_SQL_NOTES=@@SQL_NOTES, SQL_NOTES=0 */;

--
-- Table structure for table `assessment_criterion_details`
--

DROP TABLE IF EXISTS `assessment_criterion_details`;
/*!40101 SET @saved_cs_client     = @@character_set_client */;
/*!40101 SET character_set_client = utf8 */;
CREATE TABLE `assessment_criterion_details` (
  `id` int(11) NOT NULL AUTO_INCREMENT,
  `mark` float DEFAULT NULL,
  `criterion_detail_id` int(11) DEFAULT NULL,
  `assessment_id` int(11) DEFAULT NULL,
  `created_at` datetime NOT NULL,
  `updated_at` datetime NOT NULL,
  PRIMARY KEY (`id`)
) ENGINE=InnoDB DEFAULT CHARSET=utf8 COLLATE=utf8_unicode_ci;
/*!40101 SET character_set_client = @saved_cs_client */;

--
-- Dumping data for table `assessment_criterion_details`
--

LOCK TABLES `assessment_criterion_details` WRITE;
/*!40000 ALTER TABLE `assessment_criterion_details` DISABLE KEYS */;
/*!40000 ALTER TABLE `assessment_criterion_details` ENABLE KEYS */;
UNLOCK TABLES;

--
-- Table structure for table `assessments`
--

DROP TABLE IF EXISTS `assessments`;
/*!40101 SET @saved_cs_client     = @@character_set_client */;
/*!40101 SET character_set_client = utf8 */;
CREATE TABLE `assessments` (
  `id` int(11) NOT NULL AUTO_INCREMENT,
  `mark` float DEFAULT NULL,
  `category_id` int(11) DEFAULT NULL,
  `criterion_id` int(11) DEFAULT NULL,
  `created_at` datetime NOT NULL,
  `updated_at` datetime NOT NULL,
  `proposal_id` int(11) DEFAULT NULL,
  `user_id` int(11) DEFAULT NULL,
  PRIMARY KEY (`id`)
) ENGINE=InnoDB AUTO_INCREMENT=41 DEFAULT CHARSET=utf8 COLLATE=utf8_unicode_ci;
/*!40101 SET character_set_client = @saved_cs_client */;

--
-- Dumping data for table `assessments`
--

LOCK TABLES `assessments` WRITE;
/*!40000 ALTER TABLE `assessments` DISABLE KEYS */;
INSERT INTO `assessments` VALUES (1,NULL,1,2,'2017-01-19 11:42:51','2017-01-19 11:42:51',1,3),(2,NULL,1,2,'2017-01-19 11:42:51','2017-01-19 11:42:51',1,4),(3,NULL,1,3,'2017-01-19 11:42:51','2017-01-19 11:42:51',1,3),(4,NULL,1,3,'2017-01-19 11:42:51','2017-01-19 11:42:51',1,4),(5,NULL,1,4,'2017-01-19 11:42:51','2017-01-19 11:42:51',1,3),(6,NULL,1,4,'2017-01-19 11:42:51','2017-01-19 11:42:51',1,4),(7,NULL,1,5,'2017-01-19 11:42:51','2017-01-19 11:42:51',1,3),(8,NULL,1,5,'2017-01-19 11:42:51','2017-01-19 11:42:51',1,4),(9,NULL,2,6,'2017-01-19 11:42:51','2017-01-19 11:42:51',1,3),(10,NULL,2,6,'2017-01-19 11:42:51','2017-01-19 11:42:51',1,4),(11,NULL,3,8,'2017-01-19 11:42:51','2017-01-19 11:42:51',1,3),(12,NULL,3,8,'2017-01-19 11:42:51','2017-01-19 11:42:51',1,4),(13,NULL,3,10,'2017-01-19 11:42:51','2017-01-19 11:42:51',1,3),(14,NULL,3,10,'2017-01-19 11:42:51','2017-01-19 11:42:51',1,4),(15,NULL,4,11,'2017-01-19 11:42:51','2017-01-19 11:42:51',1,3),(16,NULL,4,11,'2017-01-19 11:42:51','2017-01-19 11:42:51',1,4),(17,NULL,4,12,'2017-01-19 11:42:51','2017-01-19 11:42:51',1,3),(18,NULL,4,12,'2017-01-19 11:42:51','2017-01-19 11:42:51',1,4),(19,NULL,4,13,'2017-01-19 11:42:51','2017-01-19 11:42:51',1,3),(20,NULL,4,13,'2017-01-19 11:42:51','2017-01-19 11:42:51',1,4),(21,NULL,4,14,'2017-01-19 11:42:51','2017-01-19 11:42:51',1,3),(22,NULL,4,14,'2017-01-19 11:42:51','2017-01-19 11:42:51',1,4),(23,NULL,4,15,'2017-01-19 11:42:51','2017-01-19 11:42:51',1,3),(24,NULL,4,15,'2017-01-19 11:42:51','2017-01-19 11:42:51',1,4),(25,NULL,4,16,'2017-01-19 11:42:51','2017-01-19 11:42:51',1,3),(26,NULL,4,16,'2017-01-19 11:42:51','2017-01-19 11:42:51',1,4),(27,NULL,4,17,'2017-01-19 11:42:51','2017-01-19 11:42:51',1,3),(28,NULL,4,17,'2017-01-19 11:42:51','2017-01-19 11:42:51',1,4),(29,NULL,5,18,'2017-01-19 11:42:51','2017-01-19 11:42:51',1,3),(30,NULL,5,18,'2017-01-19 11:42:51','2017-01-19 11:42:51',1,4),(31,NULL,6,19,'2017-01-19 11:42:51','2017-01-19 11:42:51',1,3),(32,NULL,6,19,'2017-01-19 11:42:51','2017-01-19 11:42:51',1,4),(33,NULL,6,21,'2017-01-19 11:42:51','2017-01-19 11:42:51',1,3),(34,NULL,6,21,'2017-01-19 11:42:51','2017-01-19 11:42:51',1,4),(35,NULL,1,1,'2017-01-19 11:42:51','2017-01-19 11:42:51',1,-1),(36,NULL,2,7,'2017-01-19 11:42:51','2017-01-19 11:42:51',1,-1),(37,NULL,3,9,'2017-01-19 11:42:51','2017-01-19 11:42:51',1,-1),(38,NULL,6,20,'2017-01-19 11:42:51','2017-01-19 11:42:51',1,-1),(39,NULL,6,22,'2017-01-19 11:42:51','2017-01-19 11:42:51',1,-1),(40,NULL,6,23,'2017-01-19 11:42:51','2017-01-19 11:42:51',1,-1);
/*!40000 ALTER TABLE `assessments` ENABLE KEYS */;
UNLOCK TABLES;

--
-- Table structure for table `budgets`
--

DROP TABLE IF EXISTS `budgets`;
/*!40101 SET @saved_cs_client     = @@character_set_client */;
/*!40101 SET character_set_client = utf8 */;
CREATE TABLE `budgets` (
  `id` int(11) NOT NULL AUTO_INCREMENT,
  `project_action` varchar(255) COLLATE utf8_unicode_ci DEFAULT NULL,
  `cost_type` varchar(255) COLLATE utf8_unicode_ci DEFAULT NULL,
  `cost` float DEFAULT NULL,
  `proposal_id` int(11) DEFAULT NULL,
  `created_at` datetime NOT NULL,
  `updated_at` datetime NOT NULL,
  PRIMARY KEY (`id`)
) ENGINE=InnoDB AUTO_INCREMENT=2 DEFAULT CHARSET=utf8 COLLATE=utf8_unicode_ci;
/*!40101 SET character_set_client = @saved_cs_client */;

--
-- Dumping data for table `budgets`
--

LOCK TABLES `budgets` WRITE;
/*!40000 ALTER TABLE `budgets` DISABLE KEYS */;
INSERT INTO `budgets` VALUES (1,'erwerwer','D',234234000,1,'2017-01-19 11:42:38','2017-01-19 11:42:38');
/*!40000 ALTER TABLE `budgets` ENABLE KEYS */;
UNLOCK TABLES;

--
-- Table structure for table `categories`
--

DROP TABLE IF EXISTS `categories`;
/*!40101 SET @saved_cs_client     = @@character_set_client */;
/*!40101 SET character_set_client = utf8 */;
CREATE TABLE `categories` (
  `id` int(11) NOT NULL AUTO_INCREMENT,
  `description` varchar(255) COLLATE utf8_unicode_ci DEFAULT NULL,
  `is_active` tinyint(1) DEFAULT NULL,
  `created_at` datetime NOT NULL,
  `updated_at` datetime NOT NULL,
  PRIMARY KEY (`id`)
) ENGINE=InnoDB AUTO_INCREMENT=7 DEFAULT CHARSET=utf8 COLLATE=utf8_unicode_ci;
/*!40101 SET character_set_client = @saved_cs_client */;

--
-- Dumping data for table `categories`
--

LOCK TABLES `categories` WRITE;
/*!40000 ALTER TABLE `categories` DISABLE KEYS */;
INSERT INTO `categories` VALUES (1,'الكفاءة المالية',1,'2015-04-24 14:59:28','2015-04-24 14:59:28'),(2,'التغطية الجغرافية',1,'2015-04-24 14:59:48','2015-04-24 14:59:48'),(3,'الانكشاف',1,'2015-04-24 17:01:20','2015-04-24 17:01:20'),(4,'جودة المقترح',1,'2015-04-24 17:02:12','2015-04-24 17:02:12'),(5,'منسجم مع الخطة التنموية الوطنية',1,'2015-04-24 17:02:33','2015-04-24 17:02:33'),(6,'الأثر التنموي',1,'2015-04-24 17:03:00','2015-04-24 17:03:00');
/*!40000 ALTER TABLE `categories` ENABLE KEYS */;
UNLOCK TABLES;

--
-- Table structure for table `criterion_details`
--

DROP TABLE IF EXISTS `criterion_details`;
/*!40101 SET @saved_cs_client     = @@character_set_client */;
/*!40101 SET character_set_client = utf8 */;
CREATE TABLE `criterion_details` (
  `id` int(11) NOT NULL AUTO_INCREMENT,
  `description` varchar(255) COLLATE utf8_unicode_ci DEFAULT NULL,
  `weight` float DEFAULT NULL,
  `is_active` tinyint(1) DEFAULT NULL,
  `criterion_id` int(11) DEFAULT NULL,
  `created_at` datetime NOT NULL,
  `updated_at` datetime NOT NULL,
  PRIMARY KEY (`id`)
) ENGINE=InnoDB AUTO_INCREMENT=52 DEFAULT CHARSET=utf8 COLLATE=utf8_unicode_ci;
/*!40101 SET character_set_client = @saved_cs_client */;

--
-- Dumping data for table `criterion_details`
--

LOCK TABLES `criterion_details` WRITE;
/*!40000 ALTER TABLE `criterion_details` DISABLE KEYS */;
INSERT INTO `criterion_details` VALUES (1,'ضمن الميزانية-معادلة',4,1,1,'2015-04-24 14:59:28','2015-04-26 08:15:07'),(2,'لا يوجد ممول شريك',0,1,2,'2015-04-24 14:59:48','2015-04-26 09:29:41'),(3,'نسبة تمويل مشترك أقل من 50%',2,1,2,'2015-04-24 14:59:48','2015-04-24 14:59:48'),(4,'نسبة تمويل مشترك أقل من 50%',3,1,2,'2015-04-24 14:59:48','2015-04-24 14:59:48'),(5,'5 بنود أو أكثر',1,1,3,'2015-04-24 14:59:48','2015-04-24 14:59:48'),(6,'4 بنود',2,1,3,'2015-04-24 14:59:48','2015-04-24 14:59:48'),(7,'3 بنود أو أقل',3,1,3,'2015-04-24 14:59:48','2015-04-24 14:59:48'),(8,'5% أو أكثر',1,1,4,'2015-04-24 14:59:48','2015-04-24 14:59:48'),(9,'3% - 5%',2,1,4,'2015-04-24 14:59:48','2015-04-24 14:59:48'),(10,'1% - 2%',3,1,4,'2015-04-24 14:59:48','2015-04-24 14:59:48'),(11,'لا يوجد استدامة',0,1,5,'2015-04-24 14:59:48','2015-04-24 14:59:48'),(12,'استدامة جزئية',1,1,5,'2015-04-24 14:59:48','2015-04-24 14:59:48'),(13,'استدامة كلية',2,1,5,'2015-04-24 14:59:48','2015-04-24 14:59:48'),(14,'محافظة واحدة',1,1,6,'2015-04-24 14:59:48','2015-04-24 14:59:48'),(15,'محافطتين اثنتين إلى ستة',2,1,6,'2015-04-24 14:59:48','2015-04-24 14:59:48'),(16,'الضفة كاملة او قطاع غزة كاملا',3,1,6,'2015-04-24 14:59:48','2015-04-24 14:59:48'),(17,'الضفة وغزة',4,1,6,'2015-04-24 14:59:48','2015-04-24 14:59:48'),(18,'معادلة',4,1,7,'2015-04-24 14:59:48','2015-04-24 14:59:48'),(19,'منطقة أ',1,1,8,'2015-05-11 09:18:54','2015-05-11 09:18:54'),(20,'منطقة ب',2,1,8,'2015-05-11 09:19:59','2015-05-11 09:19:59'),(21,'منطقة ج أو حدودية',4,1,8,'2015-05-11 09:28:08','2015-05-11 09:28:08'),(22,'التصنيف الوطني لمنطقة السكن من حيث درجة الفقر-معادلة',2,1,9,'2015-05-11 09:44:53','2015-05-11 09:44:53'),(23,'4 مدى من',4,1,10,'2015-05-11 09:47:30','2015-05-11 09:47:30'),(24,'3 مدى من',3,1,11,'2015-05-11 09:55:13','2015-05-11 09:55:13'),(25,'3 مدى من',3,1,12,'2015-05-11 09:55:50','2015-05-11 09:55:50'),(26,'3 مدى من',3,1,13,'2015-05-11 09:56:16','2015-05-11 09:56:16'),(27,'3 مدى من',3,1,14,'2015-05-11 09:57:07','2015-05-11 09:57:07'),(28,'3 مدى من',3,1,15,'2015-05-11 09:57:35','2015-05-11 09:57:35'),(29,'3 مدى من',3,1,16,'2015-05-11 09:57:50','2015-05-11 09:57:50'),(30,'3 مدى من',3,1,17,'2015-05-11 09:58:24','2015-05-11 09:58:24'),(31,'5 مدى من',5,1,18,'2015-05-11 10:00:05','2015-05-11 10:00:05'),(32,'الدخل',1,1,19,'2015-05-12 08:25:36','2015-05-12 08:25:36'),(33,'النفاذ إلى التمويل الاسلامي',1,1,19,'2015-05-12 08:26:09','2015-05-12 08:26:09'),(34,'تحسين جودة الخدمات الصحية',1,1,19,'2015-05-12 08:26:26','2015-05-12 08:26:26'),(35,'التعليم والمهارات',1,1,19,'2015-05-12 08:26:49','2015-05-12 08:26:49'),(36,'رأس المال الطبيعي والزراعي',1,1,19,'2015-05-12 08:27:03','2015-05-12 08:27:03'),(37,'السكن',1,1,19,'2015-05-12 08:27:39','2015-05-12 08:27:39'),(38,'الثروة الحيوانية',1,1,19,'2015-05-12 08:27:55','2015-05-12 08:27:55'),(39,'البنية التحتية الاقتصادية المادية والبنية التحتية الاجتماعية',1,1,19,'2015-05-12 08:28:11','2015-05-12 08:28:11'),(40,'آليات الدعم الاجتماعي',1,1,19,'2015-05-12 08:28:27','2015-05-12 08:28:27'),(41,'المعلومات',1,1,19,'2015-05-12 08:28:42','2015-05-12 08:28:42'),(42,'الصدمات والانتعاش',1,1,19,'2015-05-17 09:29:46','2015-05-17 09:29:46'),(43,'1% -20%',2,1,20,'2015-05-11 10:06:24','2015-05-11 10:06:24'),(44,'21% -40%',4,1,20,'2015-05-11 10:06:40','2015-05-11 10:06:40'),(45,'41% -60%',6,1,20,'2015-05-11 10:07:01','2015-05-11 10:07:01'),(46,'61% -80%',8,1,20,'2015-05-11 10:07:18','2015-05-11 10:07:18'),(47,'81% -100%',10,1,20,'2015-05-11 10:07:35','2015-05-11 10:07:35'),(48,'زيادة الطاقة الاستيعابية',1,1,21,'2015-05-11 10:08:58','2015-05-11 10:08:58'),(49,'فكرة جديدة',2,1,21,'2015-05-11 10:09:40','2015-05-11 10:09:40'),(50,'معادلة',5,1,22,'2015-05-11 10:10:30','2015-05-11 10:10:30'),(51,'معادلة',5,1,23,'2015-05-11 10:10:42','2015-05-11 10:10:42');
/*!40000 ALTER TABLE `criterion_details` ENABLE KEYS */;
UNLOCK TABLES;

--
-- Table structure for table `criterions`
--

DROP TABLE IF EXISTS `criterions`;
/*!40101 SET @saved_cs_client     = @@character_set_client */;
/*!40101 SET character_set_client = utf8 */;
CREATE TABLE `criterions` (
  `id` int(11) NOT NULL AUTO_INCREMENT,
  `description` varchar(255) COLLATE utf8_unicode_ci DEFAULT NULL,
  `is_active` tinyint(1) DEFAULT NULL,
  `category_id` int(11) DEFAULT NULL,
  `created_at` datetime NOT NULL,
  `updated_at` datetime NOT NULL,
  `criterion_type` varchar(255) COLLATE utf8_unicode_ci DEFAULT NULL,
  PRIMARY KEY (`id`)
) ENGINE=InnoDB AUTO_INCREMENT=24 DEFAULT CHARSET=utf8 COLLATE=utf8_unicode_ci;
/*!40101 SET character_set_client = @saved_cs_client */;

--
-- Dumping data for table `criterions`
--

LOCK TABLES `criterions` WRITE;
/*!40000 ALTER TABLE `criterions` DISABLE KEYS */;
INSERT INTO `criterions` VALUES (1,'الميزانية المقترحة ونسبتها من ميزان',1,1,'2015-04-24 14:06:23','2015-04-26 07:01:42','E'),(2,'مصادر التمويل',1,1,'2015-04-24 14:08:29','2015-04-24 15:01:33','C'),(3,'التكلفة الإدارية المباشرة المقترحة',1,1,'2015-04-24 14:59:48','2015-04-24 14:59:48','C'),(4,'التكلفة الإدارية غير المباشرة المقترحة',1,1,'2015-04-24 14:59:48','2015-04-24 17:18:13','C'),(5,'الاستدامة  التشغيلية للمشروع المقترح واستدامة نتائجها',1,1,'2015-04-24 14:59:48','2015-04-24 17:18:48','C'),(6,'التغطية الجغرافية حسب المحافظات',1,2,'2015-04-24 14:59:48','2015-04-24 14:59:48','C'),(7,'التغطية الجغرافية حسب التجمعات',1,2,'2015-04-24 14:59:48','2015-04-24 14:59:48','E'),(8,'تصنيف المنطقة الجغرافية',1,3,'2015-05-11 08:55:28','2015-09-10 08:53:36','C'),(9,'التصنيف الوطني لمنطقة السكن من حيث درجة الفقر',1,3,'2015-05-11 08:56:25','2015-05-11 08:56:25','E'),(10,'يشمل أو يدمج قوائم الشؤون الاجتماعية أو البطالة أو الأسرى أو المعاقين',1,3,'2015-05-11 08:57:03','2015-05-11 08:57:03','R'),(11,'يوجد آلية لاختيار المستفيدين',1,4,'2015-05-11 09:50:40','2015-05-11 09:50:40','R'),(12,'يوجد مصفوفة الاطار المنطقي',1,4,'2015-05-11 09:51:52','2015-05-11 09:51:52','R'),(13,'يوجد خطة عمل',1,4,'2015-05-11 09:52:14','2015-05-11 09:52:14','R'),(14,'يوجد وصف للمشكلة',1,4,'2015-05-11 09:52:37','2015-05-11 09:52:37','R'),(15,'يوجد وصف لاصحاب المصلحة',1,4,'2015-05-11 09:52:59','2015-05-11 09:52:59','R'),(16,'يوجد منهجية فنية',1,4,'2015-05-11 09:53:18','2015-05-11 09:53:18','R'),(17,'خبرة المؤسسة في مشاريع مشابهة',1,4,'2015-05-11 09:53:39','2015-05-11 09:53:39','R'),(18,'يخدم احد الأهداف ضمن الخطة الوطنية حسب الجدول',1,5,'2015-05-11 09:54:26','2015-05-11 09:54:26','R'),(19,'أثر المشروع على مخرجات سبل العيش وموارد الفئة المستهدفة',1,6,'2015-05-11 10:01:27','2015-05-11 10:01:27','M'),(20,'نسبة المستفيدين من حجم عدد السكان',1,6,'2015-05-11 10:01:52','2015-05-11 10:01:52','E'),(21,'مبادرة جديدة/زيادة الطاقة الاستيعابية',1,6,'2015-05-11 10:02:26','2015-05-11 10:02:26','C'),(22,'عدد فرص التشغيل على المدى القصير',1,6,'2015-05-11 10:03:14','2015-05-11 10:03:14','E'),(23,'عدد فرص التشغيل على المدى البعيد',1,6,'2015-05-11 10:04:06','2015-05-11 10:04:06','E');
/*!40000 ALTER TABLE `criterions` ENABLE KEYS */;
UNLOCK TABLES;

--
-- Table structure for table `design_readinesses`
--

DROP TABLE IF EXISTS `design_readinesses`;
/*!40101 SET @saved_cs_client     = @@character_set_client */;
/*!40101 SET character_set_client = utf8 */;
CREATE TABLE `design_readinesses` (
  `id` int(11) NOT NULL AUTO_INCREMENT,
  `description` varchar(255) COLLATE utf8_unicode_ci DEFAULT NULL,
  `is_active` tinyint(1) DEFAULT NULL,
  `created_at` datetime NOT NULL,
  `updated_at` datetime NOT NULL,
  PRIMARY KEY (`id`)
) ENGINE=InnoDB AUTO_INCREMENT=4 DEFAULT CHARSET=utf8 COLLATE=utf8_unicode_ci;
/*!40101 SET character_set_client = @saved_cs_client */;

--
-- Dumping data for table `design_readinesses`
--

LOCK TABLES `design_readinesses` WRITE;
/*!40000 ALTER TABLE `design_readinesses` DISABLE KEYS */;
INSERT INTO `design_readinesses` VALUES (1,'جاهزة',1,'2015-04-24 17:02:33','2015-04-24 17:02:33'),(2,'جاهزة جزئيا',1,'2015-04-24 17:02:33','2015-04-24 17:02:33'),(3,'غير جاهزة',1,'2015-04-24 17:02:33','2015-04-24 17:02:33');
/*!40000 ALTER TABLE `design_readinesses` ENABLE KEYS */;
UNLOCK TABLES;

--
-- Table structure for table `development_goals`
--

DROP TABLE IF EXISTS `development_goals`;
/*!40101 SET @saved_cs_client     = @@character_set_client */;
/*!40101 SET character_set_client = utf8 */;
CREATE TABLE `development_goals` (
  `id` int(11) NOT NULL AUTO_INCREMENT,
  `description` varchar(255) COLLATE utf8_unicode_ci DEFAULT NULL,
  `is_active` tinyint(1) DEFAULT NULL,
  `created_at` datetime NOT NULL,
  `updated_at` datetime NOT NULL,
  PRIMARY KEY (`id`)
) ENGINE=InnoDB AUTO_INCREMENT=5 DEFAULT CHARSET=utf8 COLLATE=utf8_unicode_ci;
/*!40101 SET character_set_client = @saved_cs_client */;

--
-- Dumping data for table `development_goals`
--

LOCK TABLES `development_goals` WRITE;
/*!40000 ALTER TABLE `development_goals` DISABLE KEYS */;
INSERT INTO `development_goals` VALUES (1,'التنمية الاقتصادية والتشغيل',1,'2015-05-01 07:57:23','2015-05-01 07:57:23'),(2,'الحوكمة الرشيدة وبناء المؤسسات',1,'2015-05-01 07:57:40','2015-05-01 07:57:40'),(3,'الحماية والتنمية الاجتماعية',1,'2015-05-01 07:57:56','2015-05-01 07:57:56'),(4,'البنية التحتية',1,'2015-05-01 07:58:15','2015-09-19 10:13:45');
/*!40000 ALTER TABLE `development_goals` ENABLE KEYS */;
UNLOCK TABLES;

--
-- Table structure for table `fund_sources`
--

DROP TABLE IF EXISTS `fund_sources`;
/*!40101 SET @saved_cs_client     = @@character_set_client */;
/*!40101 SET character_set_client = utf8 */;
CREATE TABLE `fund_sources` (
  `id` int(11) NOT NULL AUTO_INCREMENT,
  `description` varchar(255) COLLATE utf8_unicode_ci DEFAULT NULL,
  `is_active` tinyint(1) DEFAULT NULL,
  `created_at` datetime NOT NULL,
  `updated_at` datetime NOT NULL,
  PRIMARY KEY (`id`)
) ENGINE=InnoDB AUTO_INCREMENT=4 DEFAULT CHARSET=utf8 COLLATE=utf8_unicode_ci;
/*!40101 SET character_set_client = @saved_cs_client */;

--
-- Dumping data for table `fund_sources`
--

LOCK TABLES `fund_sources` WRITE;
/*!40000 ALTER TABLE `fund_sources` DISABLE KEYS */;
INSERT INTO `fund_sources` VALUES (1,'البنك الاسلامي للتنمية',1,'2015-05-03 17:56:24','2015-05-03 17:56:24'),(2,'شراكات تمويل أخرى',1,'2015-05-03 17:56:24','2015-05-03 17:56:24'),(3,'مساهمة ذاتية من الجهة المنفذة',1,'2015-05-03 17:56:24','2015-05-03 17:56:24');
/*!40000 ALTER TABLE `fund_sources` ENABLE KEYS */;
UNLOCK TABLES;

--
-- Table structure for table `funds`
--

DROP TABLE IF EXISTS `funds`;
/*!40101 SET @saved_cs_client     = @@character_set_client */;
/*!40101 SET character_set_client = utf8 */;
CREATE TABLE `funds` (
  `id` int(11) NOT NULL AUTO_INCREMENT,
  `percentage` int(11) DEFAULT NULL,
  `fund_source_id` int(11) DEFAULT NULL,
  `proposal_id` int(11) DEFAULT NULL,
  `created_at` datetime NOT NULL,
  `updated_at` datetime NOT NULL,
  PRIMARY KEY (`id`)
) ENGINE=InnoDB AUTO_INCREMENT=2 DEFAULT CHARSET=utf8 COLLATE=utf8_unicode_ci;
/*!40101 SET character_set_client = @saved_cs_client */;

--
-- Dumping data for table `funds`
--

LOCK TABLES `funds` WRITE;
/*!40000 ALTER TABLE `funds` DISABLE KEYS */;
INSERT INTO `funds` VALUES (1,33,1,1,'2017-01-19 11:42:46','2017-01-19 11:42:46');
/*!40000 ALTER TABLE `funds` ENABLE KEYS */;
UNLOCK TABLES;

--
-- Table structure for table `geographic_coverages`
--

DROP TABLE IF EXISTS `geographic_coverages`;
/*!40101 SET @saved_cs_client     = @@character_set_client */;
/*!40101 SET character_set_client = utf8 */;
CREATE TABLE `geographic_coverages` (
  `id` int(11) NOT NULL AUTO_INCREMENT,
  `beneficiaries_number` int(11) DEFAULT NULL,
  `proposal_id` int(11) DEFAULT NULL,
  `locality_id` int(11) DEFAULT NULL,
  `created_at` datetime NOT NULL,
  `updated_at` datetime NOT NULL,
  `classification` varchar(255) COLLATE utf8_unicode_ci DEFAULT NULL,
  PRIMARY KEY (`id`)
) ENGINE=InnoDB AUTO_INCREMENT=2 DEFAULT CHARSET=utf8 COLLATE=utf8_unicode_ci;
/*!40101 SET character_set_client = @saved_cs_client */;

--
-- Dumping data for table `geographic_coverages`
--

LOCK TABLES `geographic_coverages` WRITE;
/*!40000 ALTER TABLE `geographic_coverages` DISABLE KEYS */;
INSERT INTO `geographic_coverages` VALUES (1,3333,1,400,'2017-01-19 11:41:24','2017-01-19 11:41:24','A');
/*!40000 ALTER TABLE `geographic_coverages` ENABLE KEYS */;
UNLOCK TABLES;

--
-- Table structure for table `grant_sectors`
--

DROP TABLE IF EXISTS `grant_sectors`;
/*!40101 SET @saved_cs_client     = @@character_set_client */;
/*!40101 SET character_set_client = utf8 */;
CREATE TABLE `grant_sectors` (
  `id` int(11) NOT NULL AUTO_INCREMENT,
  `percentage` int(11) DEFAULT NULL,
  `grant_id` int(11) DEFAULT NULL,
  `sector_id` int(11) DEFAULT NULL,
  `created_at` datetime NOT NULL,
  `updated_at` datetime NOT NULL,
  PRIMARY KEY (`id`)
) ENGINE=InnoDB AUTO_INCREMENT=8 DEFAULT CHARSET=utf8 COLLATE=utf8_unicode_ci;
/*!40101 SET character_set_client = @saved_cs_client */;

--
-- Dumping data for table `grant_sectors`
--

LOCK TABLES `grant_sectors` WRITE;
/*!40000 ALTER TABLE `grant_sectors` DISABLE KEYS */;
INSERT INTO `grant_sectors` VALUES (1,25,1,1,'2015-09-17 04:09:14','2017-01-19 10:00:10'),(2,20,1,2,'2015-09-17 04:09:14','2015-09-17 04:09:14'),(3,25,1,3,'2015-09-17 04:09:14','2015-09-17 04:09:14'),(4,10,1,4,'2015-09-17 04:09:14','2015-09-17 04:09:14'),(5,8,1,5,'2015-09-17 04:09:14','2015-09-17 04:09:14'),(6,7,1,6,'2015-09-17 04:09:14','2015-09-17 04:09:14'),(7,5,1,7,'2015-09-17 04:09:14','2017-01-19 10:00:10');
/*!40000 ALTER TABLE `grant_sectors` ENABLE KEYS */;
UNLOCK TABLES;

--
-- Table structure for table `grants`
--

DROP TABLE IF EXISTS `grants`;
/*!40101 SET @saved_cs_client     = @@character_set_client */;
/*!40101 SET character_set_client = utf8 */;
CREATE TABLE `grants` (
  `id` int(11) NOT NULL AUTO_INCREMENT,
  `description` varchar(255) COLLATE utf8_unicode_ci DEFAULT NULL,
  `is_active` tinyint(1) DEFAULT NULL,
  `created_at` datetime NOT NULL,
  `updated_at` datetime NOT NULL,
  `budget` float DEFAULT NULL,
  `closed_at` date DEFAULT NULL,
  `closing_at` date DEFAULT NULL,
  `starting_at` date DEFAULT NULL,
  `is_selection_done` tinyint(1) DEFAULT NULL,
  PRIMARY KEY (`id`)
) ENGINE=InnoDB AUTO_INCREMENT=2 DEFAULT CHARSET=utf8 COLLATE=utf8_unicode_ci;
/*!40101 SET character_set_client = @saved_cs_client */;

--
-- Dumping data for table `grants`
--

LOCK TABLES `grants` WRITE;
/*!40000 ALTER TABLE `grants` DISABLE KEYS */;
INSERT INTO `grants` VALUES (1,'منحة العام ٢٠١٧',1,'2015-09-17 04:09:14','2015-10-06 05:41:04',5000000,'2017-10-05','2017-10-02','2015-01-01',1);
/*!40000 ALTER TABLE `grants` ENABLE KEYS */;
UNLOCK TABLES;

--
-- Table structure for table `localities`
--

DROP TABLE IF EXISTS `localities`;
/*!40101 SET @saved_cs_client     = @@character_set_client */;
/*!40101 SET character_set_client = utf8 */;
CREATE TABLE `localities` (
  `id` int(11) NOT NULL AUTO_INCREMENT,
  `locality_code` varchar(255) COLLATE utf8_unicode_ci DEFAULT NULL,
  `locality_name` varchar(255) COLLATE utf8_unicode_ci DEFAULT NULL,
  `population` float DEFAULT NULL,
  `province_id` int(11) DEFAULT NULL,
  `created_at` datetime NOT NULL,
  `updated_at` datetime NOT NULL,
  PRIMARY KEY (`id`)
) ENGINE=InnoDB AUTO_INCREMENT=512 DEFAULT CHARSET=utf8 COLLATE=utf8_unicode_ci;
/*!40101 SET character_set_client = @saved_cs_client */;

--
-- Dumping data for table `localities`
--

LOCK TABLES `localities` WRITE;
/*!40000 ALTER TABLE `localities` DISABLE KEYS */;
INSERT INTO `localities` VALUES (1,'﻿10005','زبوبه',1898,10,'2015-05-19 10:49:41','2015-05-19 10:49:41'),(2,'10010','رمانة',3081,10,'2015-05-19 10:49:41','2015-05-19 10:49:41'),(3,'10015','تعنك',981,10,'2015-05-19 10:49:41','2015-05-19 10:49:41'),(4,'10020','الطيبة',2114,10,'2015-05-19 10:49:41','2015-05-19 10:49:41'),(5,'10025','عربونة',794,10,'2015-05-19 10:49:41','2015-05-19 10:49:41'),(6,'10030','الجلمة',2022,10,'2015-05-19 10:49:41','2015-05-19 10:49:41'),(7,'10035','سيلة الحارثية',9246,10,'2015-05-19 10:49:41','2015-05-19 10:49:41'),(8,'10040','السعايدة',68,10,'2015-05-19 10:49:41','2015-05-19 10:49:41'),(9,'10045','عانين',3622,10,'2015-05-19 10:49:41','2015-05-19 10:49:41'),(10,'10050','عرانة',1959,10,'2015-05-19 10:49:41','2015-05-19 10:49:41'),(11,'10055','دير غزالة',878,10,'2015-05-19 10:49:41','2015-05-19 10:49:41'),(12,'10060','فقوعة',3402,10,'2015-05-19 10:49:41','2015-05-19 10:49:41'),(13,'10070','خربة سروج',55,10,'2015-05-19 10:49:41','2015-05-19 10:49:41'),(14,'10080','اليامون',16075,10,'2015-05-19 10:49:41','2015-05-19 10:49:41'),(15,'10085','أم الريحان',363,10,'2015-05-19 10:49:41','2015-05-19 10:49:41'),(16,'10095','كفر دان',5051,10,'2015-05-19 10:49:41','2015-05-19 10:49:41'),(17,'10105','خربة عبد الله اليونس',135,10,'2015-05-19 10:49:41','2015-05-19 10:49:41'),(18,'10115','ظهر المالح',194,10,'2015-05-19 10:49:41','2015-05-19 10:49:41'),(19,'10120','برطعة الشرقية',4098,10,'2015-05-19 10:49:41','2015-05-19 10:49:41'),(20,'10125','العرقة',2121,10,'2015-05-19 10:49:41','2015-05-19 10:49:41'),(21,'10135','الجميلات',32,10,'2015-05-19 10:49:41','2015-05-19 10:49:41'),(22,'10140','بيت قاد',1420,10,'2015-05-19 10:49:41','2015-05-19 10:49:41'),(23,'10145','طورة الغربية',901,10,'2015-05-19 10:49:41','2015-05-19 10:49:41'),(24,'10150','طورة الشرقية',170,10,'2015-05-19 10:49:41','2015-05-19 10:49:41'),(25,'10155','الهاشمية',1031,10,'2015-05-19 10:49:41','2015-05-19 10:49:41'),(26,'10165','نزلة الشيخ زيد',691,10,'2015-05-19 10:49:41','2015-05-19 10:49:41'),(27,'10170','الطرم',363,10,'2015-05-19 10:49:41','2015-05-19 10:49:41'),(28,'10175','خربة المنطار الغربية',22,10,'2015-05-19 10:49:41','2015-05-19 10:49:41'),(29,'10180','جنين',38272,10,'2015-05-19 10:49:41','2015-05-19 10:49:41'),(31,'10190','جلبون',2345,10,'2015-05-19 10:49:41','2015-05-19 10:49:41'),(32,'10195','عابا',200,10,'2015-05-19 10:49:41','2015-05-19 10:49:41'),(33,'10200','خربة مسعود (عراق الدوار)',47,10,'2015-05-19 10:49:41','2015-05-19 10:49:41'),(34,'10205','خربة المنطار الشرقية',7,10,'2015-05-19 10:49:41','2015-05-19 10:49:41'),(35,'10210','كفر قود',1122,10,'2015-05-19 10:49:41','2015-05-19 10:49:41'),(36,'10215','دير ابو ضعيف',5468,10,'2015-05-19 10:49:41','2015-05-19 10:49:41'),(37,'10220','برقين',5578,10,'2015-05-19 10:49:41','2015-05-19 10:49:41'),(38,'10225','أم دار',547,10,'2015-05-19 10:49:41','2015-05-19 10:49:41'),(39,'10230','الخلجان',499,10,'2015-05-19 10:49:41','2015-05-19 10:49:41'),(40,'10235','وادي الضبع',403,10,'2015-05-19 10:49:41','2015-05-19 10:49:41'),(41,'10240','ظهر العبد',356,10,'2015-05-19 10:49:41','2015-05-19 10:49:41'),(42,'10245','زبدة',926,10,'2015-05-19 10:49:41','2015-05-19 10:49:41'),(43,'10265','يعبد',13384,10,'2015-05-19 10:49:41','2015-05-19 10:49:41'),(44,'10275','كفيرت',2361,10,'2015-05-19 10:49:41','2015-05-19 10:49:41'),(45,'10285','إمريحة',415,10,'2015-05-19 10:49:41','2015-05-19 10:49:41'),(46,'10295','أم التوت',971,10,'2015-05-19 10:49:41','2015-05-19 10:49:41'),(47,'10300','الشهداء',1715,10,'2015-05-19 10:49:41','2015-05-19 10:49:41'),(48,'10305','جلقموس',1954,10,'2015-05-19 10:49:41','2015-05-19 10:49:41'),(49,'10310','المغير',2375,10,'2015-05-19 10:49:41','2015-05-19 10:49:41'),(50,'10315','المطلة',289,10,'2015-05-19 10:49:41','2015-05-19 10:49:41'),(51,'10320','بير الباشا',1282,10,'2015-05-19 10:49:41','2015-05-19 10:49:41'),(52,'10335','الحفيرة (حفيرة عرابه)',56,10,'2015-05-19 10:49:41','2015-05-19 10:49:41'),(53,'10340','قباطية',18837,10,'2015-05-19 10:49:41','2015-05-19 10:49:41'),(54,'10370','عرابة',9734,10,'2015-05-19 10:49:41','2015-05-19 10:49:41'),(55,'10385','تلفيت',234,10,'2015-05-19 10:49:41','2015-05-19 10:49:41'),(56,'10395','مركة',1581,10,'2015-05-19 10:49:41','2015-05-19 10:49:41'),(57,'10400','وادي دعوق',121,10,'2015-05-19 10:49:41','2015-05-19 10:49:41'),(58,'10401','فحمة الجديدة',362,10,'2015-05-19 10:49:41','2015-05-19 10:49:41'),(59,'10405','رابا',3086,10,'2015-05-19 10:49:41','2015-05-19 10:49:41'),(60,'10410','المنصورة',170,10,'2015-05-19 10:49:41','2015-05-19 10:49:41'),(61,'10415','مسلية',2343,10,'2015-05-19 10:49:41','2015-05-19 10:49:41'),(62,'10430','الجربا',61,10,'2015-05-19 10:49:41','2015-05-19 10:49:41'),(63,'10435','الزبابدة',3597,10,'2015-05-19 10:49:41','2015-05-19 10:49:41'),(64,'10445','فحمة',2439,10,'2015-05-19 10:49:41','2015-05-19 10:49:41'),(65,'10460','الزاوية',755,10,'2015-05-19 10:49:41','2015-05-19 10:49:41'),(66,'10465','كفر راعي',7226,10,'2015-05-19 10:49:41','2015-05-19 10:49:41'),(67,'10485','الكفير',43,10,'2015-05-19 10:49:41','2015-05-19 10:49:41'),(68,'10495','صير',730,10,'2015-05-19 10:49:41','2015-05-19 10:49:41'),(69,'10500','عجة',4961,10,'2015-05-19 10:49:41','2015-05-19 10:49:41'),(70,'10505','عنزة',1838,10,'2015-05-19 10:49:41','2015-05-19 10:49:41'),(71,'10510','صانور',3991,10,'2015-05-19 10:49:41','2015-05-19 10:49:41'),(72,'10515','الرامة',946,10,'2015-05-19 10:49:41','2015-05-19 10:49:41'),(73,'10520','ميثلون',6825,10,'2015-05-19 10:49:41','2015-05-19 10:49:41'),(74,'10565','الجديدة',4649,10,'2015-05-19 10:49:41','2015-05-19 10:49:41'),(75,'10585','العصاعصة',456,10,'2015-05-19 10:49:41','2015-05-19 10:49:41'),(76,'10590','العطارة',1138,10,'2015-05-19 10:49:41','2015-05-19 10:49:41'),(77,'10600','سيريس',4794,10,'2015-05-19 10:49:41','2015-05-19 10:49:41'),(78,'10605','جبع',8333,10,'2015-05-19 10:49:41','2015-05-19 10:49:41'),(79,'10615','الفندقومية',3337,10,'2015-05-19 10:49:41','2015-05-19 10:49:41'),(80,'10625','سيلة الظهر',5685,10,'2015-05-19 10:49:41','2015-05-19 10:49:41'),(81,'50420','بردلة',1569,6,'2015-05-19 10:49:41','2015-05-19 10:49:41'),(82,'50450','عين البيضا',1114,6,'2015-05-19 10:49:41','2015-05-19 10:49:41'),(83,'50455','كردلة',294,6,'2015-05-19 10:49:41','2015-05-19 10:49:41'),(84,'50490','إبزيق',202,6,'2015-05-19 10:49:41','2015-05-19 10:49:41'),(97,'50720','خربة الراس الأحمر',171,6,'2015-05-19 10:49:41','2015-05-19 10:49:41'),(102,'100250','عكابة',252,9,'2015-05-19 10:49:41','2015-05-19 10:49:41'),(103,'100290','قفين',8323,9,'2015-05-19 10:49:41','2015-05-19 10:49:41'),(104,'100330','نزلة عيسى',2316,9,'2015-05-19 10:49:41','2015-05-19 10:49:41'),(105,'100345','النزلة الشرقية',1503,9,'2015-05-19 10:49:41','2015-05-19 10:49:41'),(106,'100350','باقة الشرقية',4070,9,'2015-05-19 10:49:41','2015-05-19 10:49:41'),(107,'100355','النزلة الوسطى',338,9,'2015-05-19 10:49:41','2015-05-19 10:49:41'),(108,'100380','النزلة الغربية',931,9,'2015-05-19 10:49:41','2015-05-19 10:49:41'),(109,'100425','زيتا',2831,9,'2015-05-19 10:49:41','2015-05-19 10:49:41'),(110,'100440','صيدا',2906,9,'2015-05-19 10:49:41','2015-05-19 10:49:41'),(111,'100475','علار',6143,9,'2015-05-19 10:49:41','2015-05-19 10:49:41'),(112,'100480','عتيل',8969,9,'2015-05-19 10:49:41','2015-05-19 10:49:41'),(113,'100530','دير الغصون',8179,9,'2015-05-19 10:49:41','2015-05-19 10:49:41'),(114,'100545','الجاروشية',926,9,'2015-05-19 10:49:41','2015-05-19 10:49:41'),(115,'100555','المسقوفة',258,9,'2015-05-19 10:49:41','2015-05-19 10:49:41'),(116,'100570','بلعا',6554,9,'2015-05-19 10:49:41','2015-05-19 10:49:41'),(117,'100595','إكتابا',2644,9,'2015-05-19 10:49:41','2015-05-19 10:49:41'),(118,'100620','مخيم نور شمس',6430,9,'2015-05-19 10:49:41','2015-05-19 10:49:41'),(119,'100635','مخيم طولكرم',10560,9,'2015-05-19 10:49:41','2015-05-19 10:49:41'),(120,'100645','طولكرم',50912,9,'2015-05-19 10:49:41','2015-05-19 10:49:41'),(121,'100665','عنبتا',7274,9,'2015-05-19 10:49:41','2015-05-19 10:49:41'),(122,'100690','كفر اللبد',4043,9,'2015-05-19 10:49:41','2015-05-19 10:49:41'),(123,'100710','كفا',401,9,'2015-05-19 10:49:41','2015-05-19 10:49:41'),(124,'100715','الحفاصي',156,9,'2015-05-19 10:49:41','2015-05-19 10:49:41'),(125,'100730','رامين',1792,9,'2015-05-19 10:49:41','2015-05-19 10:49:41'),(126,'100735','فرعون',3076,9,'2015-05-19 10:49:41','2015-05-19 10:49:41'),(127,'100760','شوفة',2177,9,'2015-05-19 10:49:41','2015-05-19 10:49:41'),(128,'100780','خربة جبارة',291,9,'2015-05-19 10:49:41','2015-05-19 10:49:41'),(129,'100795','سفارين',754,9,'2015-05-19 10:49:41','2015-05-19 10:49:41'),(130,'100800','بيت ليد',4956,9,'2015-05-19 10:49:41','2015-05-19 10:49:41'),(131,'100815','الراس',536,9,'2015-05-19 10:49:41','2015-05-19 10:49:41'),(132,'100845','كفر صور',1109,9,'2015-05-19 10:49:41','2015-05-19 10:49:41'),(133,'100870','كور',260,9,'2015-05-19 10:49:41','2015-05-19 10:49:41'),(134,'100895','كفر زيباد',1070,9,'2015-05-19 10:49:41','2015-05-19 10:49:41'),(135,'100900','كفر جمال',2406,9,'2015-05-19 10:49:41','2015-05-19 10:49:41'),(136,'100915','كفر عبوش',1446,9,'2015-05-19 10:49:41','2015-05-19 10:49:41'),(137,'150660','بزاريه',2218,8,'2015-05-19 10:49:41','2015-05-19 10:49:41'),(138,'150680','برقة',3615,8,'2015-05-19 10:49:41','2015-05-19 10:49:41'),(139,'150695','ياصيد',2052,8,'2015-05-19 10:49:41','2015-05-19 10:49:41'),(140,'150705','بيت إمرين',2778,8,'2015-05-19 10:49:41','2015-05-19 10:49:41'),(141,'150745','نصف جبيل',388,8,'2015-05-19 10:49:41','2015-05-19 10:49:41'),(142,'150765','سبسطية',2575,8,'2015-05-19 10:49:41','2015-05-19 10:49:41'),(143,'150770','إجنسنيا',498,8,'2015-05-19 10:49:41','2015-05-19 10:49:41'),(144,'150775','طلوزة',2339,8,'2015-05-19 10:49:41','2015-05-19 10:49:41'),(145,'150785','الناقورة',1522,8,'2015-05-19 10:49:41','2015-05-19 10:49:41'),(146,'150805','الباذان',2448,8,'2015-05-19 10:49:41','2015-05-19 10:49:41'),(147,'150810','دير شرف',2423,8,'2015-05-19 10:49:41','2015-05-19 10:49:41'),(148,'150820','عصيرة الشمالية',7441,8,'2015-05-19 10:49:41','2015-05-19 10:49:41'),(149,'150825','النصارية',1561,8,'2015-05-19 10:49:41','2015-05-19 10:49:41'),(150,'150835','زواتا',1847,8,'2015-05-19 10:49:41','2015-05-19 10:49:41'),(151,'150840','العقربانية',986,8,'2015-05-19 10:49:41','2015-05-19 10:49:41'),(152,'150855','قوصين',1683,8,'2015-05-19 10:49:41','2015-05-19 10:49:41'),(153,'150860','بيت إيبا',3102,8,'2015-05-19 10:49:41','2015-05-19 10:49:41'),(154,'150865','بيت حسن',1105,8,'2015-05-19 10:49:41','2015-05-19 10:49:41'),(155,'150875','بيت وزن',1042,8,'2015-05-19 10:49:41','2015-05-19 10:49:41'),(156,'150880','مخيم عين بيت الماء نابلس',3918,8,'2015-05-19 10:49:41','2015-08-26 10:35:32'),(157,'150885','عين شبلي',330,8,'2015-05-19 10:49:41','2015-05-19 10:49:41'),(158,'150910','عزموط',2610,8,'2015-05-19 10:49:41','2015-05-19 10:49:41'),(159,'150920','نابلس',124215,8,'2015-05-19 10:49:41','2015-05-19 10:49:41'),(160,'150930','مخيم عسكر',11431,8,'2015-05-19 10:49:41','2015-05-19 10:49:41'),(161,'150935','دير الحطب',2179,8,'2015-05-19 10:49:41','2015-05-19 10:49:41'),(162,'150950','صرة',2523,8,'2015-05-19 10:49:41','2015-05-19 10:49:41'),(163,'150955','سالم',4986,8,'2015-05-19 10:49:41','2015-05-19 10:49:41'),(164,'150960','مخيم بلاطة',15007,8,'2015-05-19 10:49:41','2015-05-19 10:49:41'),(165,'150975','عراق بورين',756,8,'2015-05-19 10:49:41','2015-05-19 10:49:41'),(166,'150990','تل',4278,8,'2015-05-19 10:49:41','2015-05-19 10:49:41'),(167,'151000','بيت دجن',3432,8,'2015-05-19 10:49:41','2015-05-19 10:49:41'),(168,'151010','روجيب',4138,8,'2015-05-19 10:49:41','2015-05-19 10:49:41'),(169,'151025','كفر قليل',2414,8,'2015-05-19 10:49:41','2015-05-19 10:49:41'),(170,'151030','فروش بيت دجن',758,8,'2015-05-19 10:49:41','2015-05-19 10:49:41'),(171,'151050','مادما',1728,8,'2015-05-19 10:49:41','2015-05-19 10:49:41'),(172,'151080','بورين',2274,8,'2015-05-19 10:49:41','2015-05-19 10:49:41'),(173,'151090','بيت فوريك',10182,8,'2015-05-19 10:49:41','2015-05-19 10:49:41'),(174,'151095','عصيرة القبلية',2330,8,'2015-05-19 10:49:41','2015-05-19 10:49:41'),(175,'151135','عورتا',5538,8,'2015-05-19 10:49:41','2015-05-19 10:49:41'),(176,'151160','عوريف',2877,8,'2015-05-19 10:49:41','2015-05-19 10:49:41'),(177,'151180','أودلا',1117,8,'2015-05-19 10:49:41','2015-05-19 10:49:41'),(178,'151185','حوارة',5486,8,'2015-05-19 10:49:41','2015-05-19 10:49:41'),(179,'151195','عينبوس',2305,8,'2015-05-19 10:49:41','2015-05-19 10:49:41'),(180,'151200','يانون',100,8,'2015-05-19 10:49:41','2015-05-19 10:49:41'),(181,'151215','بيتا',8941,8,'2015-05-19 10:49:41','2015-05-19 10:49:41'),(182,'151220','الرجمان',15,8,'2015-05-19 10:49:41','2015-05-19 10:49:41'),(183,'151230','زيتا جماعين',2083,8,'2015-05-19 10:49:41','2015-05-19 10:49:41'),(184,'151245','جماعين',6131,8,'2015-05-19 10:49:41','2015-05-19 10:49:41'),(185,'151265','أوصرين',1588,8,'2015-05-19 10:49:41','2015-05-19 10:49:41'),(186,'151270','عقربا',8056,8,'2015-05-19 10:49:41','2015-05-19 10:49:41'),(187,'151285','زعترة',44,8,'2015-05-19 10:49:41','2015-05-19 10:49:41'),(188,'151311','تل الخشبة',26,8,'2015-05-19 10:49:41','2015-05-19 10:49:41'),(189,'151325','يتما',2809,8,'2015-05-19 10:49:41','2015-05-19 10:49:41'),(190,'151335','قبلان',7021,8,'2015-05-19 10:49:41','2015-05-19 10:49:41'),(191,'151345','جوريش',1380,8,'2015-05-19 10:49:41','2015-05-19 10:49:41'),(192,'151365','قصرة',4310,8,'2015-05-19 10:49:41','2015-05-19 10:49:41'),(193,'151375','تلفيت',2781,8,'2015-05-19 10:49:41','2015-05-19 10:49:41'),(194,'151380','الساوية',2356,8,'2015-05-19 10:49:41','2015-05-19 10:49:41'),(195,'151385','مجدل بني فاضل',2346,8,'2015-05-19 10:49:41','2015-05-19 10:49:41'),(196,'151405','أللبن الشرقية',2427,8,'2015-05-19 10:49:41','2015-05-19 10:49:41'),(197,'151410','قريوت',2285,8,'2015-05-19 10:49:41','2015-05-19 10:49:41'),(198,'151420','جالود',457,8,'2015-05-19 10:49:41','2015-05-19 10:49:41'),(199,'151435','عمورية',298,8,'2015-05-19 10:49:41','2015-05-19 10:49:41'),(200,'151445','دوما',2067,8,'2015-05-19 10:49:41','2015-05-19 10:49:41'),(201,'200905','فلامية',614,11,'2015-05-19 10:49:41','2015-05-19 10:49:41'),(202,'200925','كفر قدوم',2824,11,'2015-05-19 10:49:41','2015-05-19 10:49:41'),(203,'200945','جيت',2133,11,'2015-05-19 10:49:41','2015-05-19 10:49:41'),(204,'200965','باقة الحطب',1596,11,'2015-05-19 10:49:41','2015-05-19 10:49:41'),(205,'200970','حجة',2086,11,'2015-05-19 10:49:41','2015-05-19 10:49:41'),(206,'200985','جيوس',2810,11,'2015-05-19 10:49:41','2015-05-19 10:49:41'),(207,'200995','خربة صير',434,11,'2015-05-19 10:49:41','2015-05-19 10:49:41'),(208,'201005','عرب الرماضين الشمالي',79,11,'2015-05-19 10:49:41','2015-05-19 10:49:41'),(209,'201015','فرعتا',623,11,'2015-05-19 10:49:41','2015-05-19 10:49:41'),(210,'201020','إماتين',2319,11,'2015-05-19 10:49:41','2015-05-19 10:49:41'),(211,'201035','الفندق',734,11,'2015-05-19 10:49:41','2015-05-19 10:49:41'),(212,'201040','قلقيلية',40530,11,'2015-05-19 10:49:41','2015-05-19 10:49:41'),(213,'201055','النبي إلياس',1137,11,'2015-05-19 10:49:41','2015-05-19 10:49:41'),(214,'201065','كفر لاقف',831,11,'2015-05-19 10:49:41','2015-05-19 10:49:41'),(215,'201070','عرب أبو فردة',112,11,'2015-05-19 10:49:41','2015-05-19 10:49:41'),(216,'201075','عزبة الطبيب',225,11,'2015-05-19 10:49:41','2015-05-19 10:49:41'),(217,'201085','جنصافوط',2058,11,'2015-05-19 10:49:41','2015-05-19 10:49:41'),(218,'201100','عزون',7594,11,'2015-05-19 10:49:41','2015-05-19 10:49:41'),(219,'201105','عرب الرماضين الجنوبي',215,11,'2015-05-19 10:49:41','2015-05-19 10:49:41'),(220,'201115','عسلة',831,11,'2015-05-19 10:49:41','2015-05-19 10:49:41'),(221,'201116','عرب الخوله',25,11,'2015-05-19 10:49:41','2015-05-19 10:49:41'),(222,'201120','وادي الرشا',151,11,'2015-05-19 10:49:41','2015-05-19 10:49:41'),(223,'201125','حبلة',5841,11,'2015-05-19 10:49:41','2015-05-19 10:49:41'),(224,'201130','راس الطيرة',383,11,'2015-05-19 10:49:41','2015-05-19 10:49:41'),(225,'201155','راس عطية',1478,11,'2015-05-19 10:49:41','2015-05-19 10:49:41'),(226,'201170','الضبعة',325,11,'2015-05-19 10:49:41','2015-05-19 10:49:41'),(227,'201175','كفر ثلث',3807,11,'2015-05-19 10:49:41','2015-05-19 10:49:41'),(228,'201190','عزبة جلعود',109,11,'2015-05-19 10:49:41','2015-05-19 10:49:41'),(229,'201205','المدور',263,11,'2015-05-19 10:49:41','2015-05-19 10:49:41'),(230,'201210','عزبة سلمان',701,11,'2015-05-19 10:49:41','2015-05-19 10:49:41'),(231,'201225','عزبة الأشقر',306,11,'2015-05-19 10:49:41','2015-05-19 10:49:41'),(232,'201255','بيت أمين',981,11,'2015-05-19 10:49:41','2015-05-19 10:49:41'),(233,'201260','سنيريا',2699,11,'2015-05-19 10:49:41','2015-05-19 10:49:41'),(234,'201280','عزون عتمة',1720,11,'2015-05-19 10:49:41','2015-05-19 10:49:41'),(235,'251250','دير إستيا',3106,5,'2015-05-19 10:49:41','2015-05-19 10:49:41'),(236,'251275','قراوة بني حسان',3752,5,'2015-05-19 10:49:41','2015-05-19 10:49:41'),(237,'251290','قيرة',1128,5,'2015-05-19 10:49:41','2015-05-19 10:49:41'),(238,'251295','كفل حارس',3206,5,'2015-05-19 10:49:41','2015-05-19 10:49:41'),(239,'251300','مردا',1967,5,'2015-05-19 10:49:41','2015-05-19 10:49:41'),(240,'251305','بديا',7960,5,'2015-05-19 10:49:41','2015-05-19 10:49:41'),(241,'251310','حارس',3071,5,'2015-05-19 10:49:41','2015-05-19 10:49:41'),(242,'251315','ياسوف',1600,5,'2015-05-19 10:49:41','2015-05-19 10:49:41'),(243,'251320','مسحة',1977,5,'2015-05-19 10:49:41','2015-05-19 10:49:41'),(244,'251330','إسكاكا',900,5,'2015-05-19 10:49:41','2015-05-19 10:49:41'),(245,'251340','صرطة',2498,5,'2015-05-19 10:49:41','2015-05-19 10:49:41'),(255,'301455','قراوة بني زيد',2741,12,'2015-05-19 10:49:41','2015-05-19 10:49:41'),(256,'301460','بني زيد الشرقية',4778,12,'2015-05-19 10:49:41','2015-05-19 10:49:41'),(257,'301470','كفر عين',1638,12,'2015-05-19 10:49:41','2015-05-19 10:49:41'),(258,'301480','بني زيد',5184,12,'2015-05-19 10:49:41','2015-05-19 10:49:41'),(259,'301485','عبوين',2932,12,'2015-05-19 10:49:41','2015-05-19 10:49:41'),(260,'301490','ترمسعيا',3512,12,'2015-05-19 10:49:41','2015-05-19 10:49:41'),(261,'301495','اللبن الغربي',1387,12,'2015-05-19 10:49:41','2015-05-19 10:49:41'),(262,'301500','سنجل',4922,12,'2015-05-19 10:49:41','2015-05-19 10:49:41'),(263,'301505','دير السودان',1871,12,'2015-05-19 10:49:41','2015-05-19 10:49:41'),(264,'301515','رنتيس',2382,12,'2015-05-19 10:49:41','2015-05-19 10:49:41'),(265,'301520','جلجيليا',697,12,'2015-05-19 10:49:41','2015-05-19 10:49:41'),(266,'301525','عجول',1163,12,'2015-05-19 10:49:41','2015-05-19 10:49:41'),(267,'301530','المغير',2226,12,'2015-05-19 10:49:41','2015-05-19 10:49:41'),(268,'301535','عابود',1959,12,'2015-05-19 10:49:41','2015-05-19 10:49:41'),(269,'301540','النبي صالح',502,12,'2015-05-19 10:49:41','2015-05-19 10:49:41'),(270,'301545','خربة أبو فلاح',3756,12,'2015-05-19 10:49:41','2015-05-19 10:49:41'),(271,'301550','أم صفا',575,12,'2015-05-19 10:49:41','2015-05-19 10:49:41'),(272,'301555','المزرعة الشرقية',4225,12,'2015-05-19 10:49:41','2015-05-19 10:49:41'),(273,'301560','دير نظام',826,12,'2015-05-19 10:49:41','2015-05-19 10:49:41'),(274,'301565','عطارة',2134,12,'2015-05-19 10:49:41','2015-05-19 10:49:41'),(275,'301570','دير أبو مشعل',3310,12,'2015-05-19 10:49:41','2015-05-19 10:49:41'),(276,'301575','جيبيا',139,12,'2015-05-19 10:49:41','2015-05-19 10:49:41'),(277,'301585','برهام',579,12,'2015-05-19 10:49:41','2015-05-19 10:49:41'),(278,'301590','كفر مالك',2620,12,'2015-05-19 10:49:41','2015-05-19 10:49:41'),(279,'301595','شقبا',4227,12,'2015-05-19 10:49:41','2015-05-19 10:49:41'),(280,'301600','كوبر',3456,12,'2015-05-19 10:49:41','2015-05-19 10:49:41'),(281,'301605','قبيه',4607,12,'2015-05-19 10:49:41','2015-05-19 10:49:41'),(282,'301610','سلواد',5756,12,'2015-05-19 10:49:41','2015-05-19 10:49:41'),(283,'301615','يبرود',606,12,'2015-05-19 10:49:41','2015-05-19 10:49:41'),(284,'301620','الاتحاد',6395,12,'2015-05-19 10:49:41','2015-05-19 10:49:41'),(285,'301625','شبتين',793,12,'2015-05-19 10:49:41','2015-05-19 10:49:41'),(286,'301635','بير زيت',4257,12,'2015-05-19 10:49:41','2015-05-19 10:49:41'),(287,'301636','الدوحة',47,12,'2015-05-19 10:49:41','2015-05-19 10:49:41'),(288,'301640','عين سينيا',668,12,'2015-05-19 10:49:41','2015-05-19 10:49:41'),(289,'301645','مخيم سلواد',359,12,'2015-05-19 10:49:41','2015-05-19 10:49:41'),(290,'301650','دير جرير',3746,12,'2015-05-19 10:49:41','2015-05-19 10:49:41'),(291,'301660','مخيم دير عمار',1724,12,'2015-05-19 10:49:41','2015-05-19 10:49:41'),(292,'301665','بدرس',1315,12,'2015-05-19 10:49:41','2015-05-19 10:49:41'),(293,'301670','الزيتونة',5819,12,'2015-05-19 10:49:41','2015-05-19 10:49:41'),(294,'301675','جفنا',1613,12,'2015-05-19 10:49:41','2015-05-19 10:49:41'),(295,'301680','دورا القرع',2723,12,'2015-05-19 10:49:41','2015-05-19 10:49:41'),(296,'301685','الطيبة',1364,12,'2015-05-19 10:49:41','2015-05-19 10:49:41'),(297,'301700','مخيم الجلزون',7344,12,'2015-05-19 10:49:41','2015-05-19 10:49:41'),(298,'301705','ابو قش',1319,12,'2015-05-19 10:49:41','2015-05-19 10:49:41'),(299,'301710','دير قديس',1826,12,'2015-05-19 10:49:41','2015-05-19 10:49:41'),(300,'301715','نعلين',4299,12,'2015-05-19 10:49:41','2015-05-19 10:49:41'),(301,'301720','عين يبرود',2819,12,'2015-05-19 10:49:41','2015-05-19 10:49:41'),(302,'301725','خربثا بني حارث',2675,12,'2015-05-19 10:49:41','2015-05-19 10:49:41'),(303,'301730','راس كركر',1563,12,'2015-05-19 10:49:41','2015-05-19 10:49:41'),(304,'301735','صردا',970,12,'2015-05-19 10:49:41','2015-05-19 10:49:41'),(305,'301740','الجانية',1093,12,'2015-05-19 10:49:41','2015-05-19 10:49:41'),(306,'301745','المدية',1223,12,'2015-05-19 10:49:41','2015-05-19 10:49:41'),(307,'301750','رمون',2469,12,'2015-05-19 10:49:41','2015-05-19 10:49:41'),(308,'301755','كفر نعمة',3525,12,'2015-05-19 10:49:41','2015-05-19 10:49:41'),(309,'301760','بلعين',1599,12,'2015-05-19 10:49:41','2015-05-19 10:49:41'),(310,'301765','بيتين',2014,12,'2015-05-19 10:49:41','2015-05-19 10:49:41'),(311,'301770','عين قينيا',763,12,'2015-05-19 10:49:41','2015-05-19 10:49:41'),(312,'301775','بدو المعرجات',708,12,'2015-05-19 10:49:41','2015-05-19 10:49:41'),(313,'301780','دير إبزيع',1945,12,'2015-05-19 10:49:41','2015-05-19 10:49:41'),(314,'301785','دير دبوان',4937,12,'2015-05-19 10:49:41','2015-05-19 10:49:41'),(315,'301790','البيرة',35910,12,'2015-05-19 10:49:41','2015-05-19 10:49:41'),(316,'301800','عين عريك',1473,12,'2015-05-19 10:49:41','2015-05-19 10:49:41'),(317,'301805','صفا',3574,12,'2015-05-19 10:49:41','2015-05-19 10:49:41'),(318,'301810','رام الله',25812,12,'2015-05-19 10:49:41','2015-05-19 10:49:41'),(319,'301815','برقة',1964,12,'2015-05-19 10:49:41','2015-05-19 10:49:41'),(320,'301820','بيت عور التحتا',4109,12,'2015-05-19 10:49:41','2015-05-19 10:49:41'),(321,'301825','بيتونيا',18575,12,'2015-05-19 10:49:41','2015-05-19 10:49:41'),(322,'301830','مخيم الأمعري',4713,12,'2015-05-19 10:49:41','2015-05-19 10:49:41'),(323,'301835','مخيم قدورة',1136,12,'2015-05-19 10:49:41','2015-05-19 10:49:41'),(324,'301850','بيت سيرا',2584,12,'2015-05-19 10:49:41','2015-05-19 10:49:41'),(325,'301855','خربثا المصباح',4898,12,'2015-05-19 10:49:41','2015-05-19 10:49:41'),(326,'301860','بيت عور الفوقا',812,12,'2015-05-19 10:49:41','2015-05-19 10:49:41'),(327,'301890','الطيرة',1276,12,'2015-05-19 10:49:41','2015-05-19 10:49:41'),(328,'301895','بيت لقيا',7247,12,'2015-05-19 10:49:41','2015-05-19 10:49:41'),(329,'301925','بيت نوبا',234,12,'2015-05-19 10:49:41','2015-05-19 10:49:41'),(330,'351045','مرج نعجة',683,4,'2015-05-19 10:49:41','2015-05-19 10:49:41'),(331,'351110','الزبيدات',1357,4,'2015-05-19 10:49:41','2015-05-19 10:49:41'),(332,'351116','مرج الغزال',193,4,'2015-05-19 10:49:41','2015-05-19 10:49:41'),(333,'351140','الجفتلك',3546,4,'2015-05-19 10:49:41','2015-05-19 10:49:41'),(334,'351510','فصايل',1029,4,'2015-05-19 10:49:41','2015-05-19 10:49:41'),(335,'351690','العوجا',3934,4,'2015-05-19 10:49:41','2015-05-19 10:49:41'),(336,'351840','النويعمة',1188,4,'2015-05-19 10:49:41','2015-05-19 10:49:41'),(337,'351845','عين الديوك الفوقا',783,4,'2015-05-19 10:49:41','2015-05-19 10:49:41'),(338,'351865','مخيم عين السلطان',3017,4,'2015-05-19 10:49:41','2015-05-19 10:49:41'),(339,'351920','أريحا',17515,4,'2015-05-19 10:49:41','2015-05-19 10:49:41'),(340,'351975','مخيم عقبة جبر',6851,4,'2015-05-19 10:49:41','2015-05-19 10:49:41'),(341,'352075','النبي موسى',295,4,'2015-05-19 10:49:41','2015-05-19 10:49:41'),(342,'452170','الولجة',1968,7,'2015-05-19 10:49:41','2015-05-19 10:49:41'),(343,'452175','بتير',3826,7,'2015-05-19 10:49:41','2015-05-19 10:49:41'),(344,'452180','العبيدية',10371,7,'2015-05-19 10:49:41','2015-05-19 10:49:41'),(345,'452185','مخيم عايدة',2538,7,'2015-05-19 10:49:41','2015-05-19 10:49:41'),(346,'452190','خلة النعمان',167,7,'2015-05-19 10:49:41','2015-05-19 10:49:41'),(347,'452195','مخيم العزة',1475,7,'2015-05-19 10:49:41','2015-05-19 10:49:41'),(348,'452200','الخاص',380,7,'2015-05-19 10:49:41','2015-05-19 10:49:41'),(349,'452205','الحدادية',52,7,'2015-05-19 10:49:41','2015-05-19 10:49:41'),(350,'452208','خلة حمامة',1364,7,'2015-05-19 10:49:41','2015-05-19 10:49:41'),(351,'452209','بئر عونه',648,7,'2015-05-19 10:49:41','2015-05-19 10:49:41'),(352,'452210','بيت جالا',11339,7,'2015-05-19 10:49:41','2015-05-19 10:49:41'),(368,'452360','زعترة',6066,7,'2015-05-19 10:49:41','2015-05-19 10:49:41'),(369,'452385','جناتة (بيت فلوح)',5223,7,'2015-05-19 10:49:41','2015-05-19 10:49:41'),(370,'452400','وادي رحال',1369,7,'2015-05-19 10:49:41','2015-05-19 10:49:41'),(371,'452405','جبة الذيب',156,7,'2015-05-19 10:49:41','2015-05-19 10:49:41'),(372,'452415','خلة سكاريا',179,7,'2015-05-19 10:49:41','2015-05-19 10:49:41'),(373,'452430','خلة الحداد',392,7,'2015-05-19 10:49:41','2015-05-19 10:49:41'),(374,'452440','المعصرة',775,7,'2015-05-19 10:49:41','2015-05-19 10:49:41'),(375,'452445','وادي النيص',745,7,'2015-05-19 10:49:41','2015-05-19 10:49:41'),(376,'452460','جورة الشمعة',1438,7,'2015-05-19 10:49:41','2015-05-19 10:49:41'),(377,'452470','مراح معلا',661,7,'2015-05-19 10:49:41','2015-05-19 10:49:41'),(378,'452480','أم سلمونة',911,7,'2015-05-19 10:49:41','2015-05-19 10:49:41'),(379,'452490','المنشية',417,7,'2015-05-19 10:49:41','2015-05-19 10:49:41'),(380,'452495','تقوع',8565,7,'2015-05-19 10:49:41','2015-05-19 10:49:41'),(381,'452500','مراح رباح',1273,7,'2015-05-19 10:49:41','2015-05-19 10:49:41'),(382,'452525','بيت فجار',10613,7,'2015-05-19 10:49:41','2015-05-19 10:49:41'),(383,'452535','المنية',976,7,'2015-05-19 10:49:41','2015-05-19 10:49:41'),(384,'452565','كيسان',438,7,'2015-05-19 10:49:41','2015-05-19 10:49:41'),(385,'452660','عرب الرشايدة',1401,7,'2015-05-19 10:49:41','2015-05-19 10:49:41'),(386,'502435','خربة الدير',257,2,'2015-05-19 10:49:41','2015-05-19 10:49:41'),(387,'502450','صوريف',13028,2,'2015-05-19 10:49:41','2015-05-19 10:49:41'),(388,'502530','مخيم العروب',7741,2,'2015-05-19 10:49:41','2015-05-19 10:49:41'),(389,'502540','بيت أومر',13207,2,'2015-05-19 10:49:41','2015-05-19 10:49:41'),(390,'502545','جالا',243,2,'2015-05-19 10:49:41','2015-05-19 10:49:41'),(391,'502550','حتا',869,2,'2015-05-19 10:49:41','2015-05-19 10:49:41'),(392,'502555','شيوخ العروب',1512,2,'2015-05-19 10:49:41','2015-05-19 10:49:41'),(393,'502560','خاراس',6488,2,'2015-05-19 10:49:41','2015-05-19 10:49:41'),(394,'502575','أم البطم',69,2,'2015-05-19 10:49:41','2015-05-19 10:49:41'),(395,'502580','حمروش',52,2,'2015-05-19 10:49:41','2015-05-19 10:49:41'),(396,'502585','نوبا',4227,2,'2015-05-19 10:49:41','2015-05-19 10:49:41'),(397,'502615','بيت أولا',10611,2,'2015-05-19 10:49:41','2015-05-19 10:49:41'),(398,'502620','سعير',17590,2,'2015-05-19 10:49:41','2015-05-19 10:49:41'),(399,'502630','حلحول',21571,2,'2015-05-19 10:49:41','2015-05-19 10:49:41'),(400,'502635','الشيوخ',8590,2,'2015-05-19 10:49:41','2015-05-19 10:49:41'),(401,'502640','ترقوميا',13996,2,'2015-05-19 10:49:41','2015-05-19 10:49:41'),(402,'502655','بيت كاحل',6361,2,'2015-05-19 10:49:41','2015-05-19 10:49:41'),(403,'502680','بيت عنون',1764,2,'2015-05-19 10:49:41','2015-05-19 10:49:41'),(404,'502681','قلاع زيتا',881,2,'2015-05-19 10:49:41','2015-05-19 10:49:41'),(405,'502685','إذنا',18533,2,'2015-05-19 10:49:41','2015-05-19 10:49:41'),(406,'502750','تفوح',10330,2,'2015-05-19 10:49:41','2015-05-19 10:49:41'),(407,'502765','بيت مقدوم',2503,2,'2015-05-19 10:49:41','2015-05-19 10:49:41'),(409,'502780','مدينة الخليل',159038,2,'2015-05-19 10:49:41','2015-09-19 19:45:02'),(415,'502835','بيت عوا',7861,2,'2015-05-19 10:49:41','2015-05-19 10:49:41'),(416,'502840','دورا',27556,2,'2015-05-19 10:49:41','2015-05-19 10:49:41'),(417,'502855','قلقس',1120,2,'2015-05-19 10:49:41','2015-05-19 10:49:41'),(418,'502860','سكة',833,2,'2015-05-19 10:49:41','2015-05-19 10:49:41'),(419,'502865','خربة سلامة',361,2,'2015-05-19 10:49:41','2015-05-19 10:49:41'),(420,'502870','وادي عبيد',126,2,'2015-05-19 10:49:41','2015-05-19 10:49:41'),(421,'502875','فقيقيس',265,2,'2015-05-19 10:49:41','2015-05-19 10:49:41'),(422,'502895','خرسا',3353,2,'2015-05-19 10:49:41','2015-05-19 10:49:41'),(423,'502900','طرامة',615,2,'2015-05-19 10:49:41','2015-05-19 10:49:41'),(424,'502905','مخيم الفوار',6380,2,'2015-05-19 10:49:41','2015-05-19 10:49:41'),(425,'502910','المجد',1877,2,'2015-05-19 10:49:41','2015-05-19 10:49:41'),(426,'502915','مراح البقار',209,2,'2015-05-19 10:49:41','2015-05-19 10:49:41'),(427,'502920','حدب ألفوار',1870,2,'2015-05-19 10:49:41','2015-05-19 10:49:41'),(428,'502925','دير العسل التحتا',541,2,'2015-05-19 10:49:41','2015-05-19 10:49:41'),(429,'502935','الحيلة',1245,2,'2015-05-19 10:49:41','2015-05-19 10:49:41'),(430,'502940','وادي الشاجنة',697,2,'2015-05-19 10:49:41','2015-05-19 10:49:41'),(431,'502950','الصرة',1876,2,'2015-05-19 10:49:41','2015-05-19 10:49:41'),(432,'502955','دير رازح',262,2,'2015-05-19 10:49:41','2015-05-19 10:49:41'),(433,'502960','الريحية',3850,2,'2015-05-19 10:49:41','2015-05-19 10:49:41'),(434,'502965','زيف',826,2,'2015-05-19 10:49:41','2015-05-19 10:49:41'),(435,'502970','دير العسل الفوقا',1557,2,'2015-05-19 10:49:41','2015-05-19 10:49:41'),(436,'502975','خلة العقد',265,2,'2015-05-19 10:49:41','2015-05-19 10:49:41'),(437,'502980','إمريش',1623,2,'2015-05-19 10:49:41','2015-05-19 10:49:41'),(438,'503005','البويب',592,2,'2015-05-19 10:49:41','2015-05-19 10:49:41'),(439,'503010','بيت الروش التحتا',363,2,'2015-05-19 10:49:41','2015-05-19 10:49:41'),(440,'503040','حدب العلقة',625,2,'2015-05-19 10:49:41','2015-05-19 10:49:41'),(441,'503075','بيت مرسم',310,2,'2015-05-19 10:49:41','2015-05-19 10:49:41'),(442,'503090','بيت الروش الفوقا',954,2,'2015-05-19 10:49:41','2015-05-19 10:49:41'),(443,'503095','كرمة',1351,2,'2015-05-19 10:49:41','2015-05-19 10:49:41'),(444,'503100','بيت عمرة',2111,2,'2015-05-19 10:49:41','2015-05-19 10:49:41'),(445,'503105','أم الدرج (عرب الكعابنه)',792,2,'2015-05-19 10:49:41','2015-05-19 10:49:41'),(446,'503110','وادي الكلاب',45,2,'2015-05-19 10:49:41','2015-05-19 10:49:41'),(447,'503111','أم الشقحان',288,2,'2015-05-19 10:49:41','2015-05-19 10:49:41'),(448,'503115','خلة المية',1377,2,'2015-05-19 10:49:41','2015-05-19 10:49:41'),(449,'503116','خيروشيوش والحديدية',370,2,'2015-05-19 10:49:41','2015-05-19 10:49:41'),(450,'503117','أم العمد (سهل واد الماء)',148,2,'2015-05-19 10:49:41','2015-05-19 10:49:41'),(451,'503120','يطا',47446,2,'2015-05-19 10:49:41','2015-05-19 10:49:41'),(452,'503125','الديرات',775,2,'2015-05-19 10:49:41','2015-05-19 10:49:41'),(453,'503126','خشم الدرج (الهذالين)',591,2,'2015-05-19 10:49:41','2015-05-19 10:49:41'),(454,'503135','كرزة',751,2,'2015-05-19 10:49:41','2015-05-19 10:49:41'),(455,'503145','رابود',2205,2,'2015-05-19 10:49:41','2015-05-19 10:49:41'),(456,'503150','أم لصفا',832,2,'2015-05-19 10:49:41','2015-05-19 10:49:41'),(457,'503170','البرج',2513,2,'2015-05-19 10:49:41','2015-05-19 10:49:41'),(458,'503210','ام الخير',503,2,'2015-05-19 10:49:41','2015-05-19 10:49:41'),(459,'503215','الكرمل',3647,2,'2015-05-19 10:49:41','2015-05-19 10:49:41'),(460,'503225','خلة صالح',1066,2,'2015-05-19 10:49:41','2015-05-19 10:49:41'),(461,'503245','الظاهرية',28052,2,'2015-05-19 10:49:41','2015-05-19 10:49:41'),(462,'503255','التواني',318,2,'2015-05-19 10:49:41','2015-05-19 10:49:41'),(463,'503260','معين',447,2,'2015-05-19 10:49:41','2015-05-19 10:49:41'),(464,'503265','النجادة',403,2,'2015-05-19 10:49:41','2015-05-19 10:49:41'),(465,'503295','عناب الكبير',327,2,'2015-05-19 10:49:41','2015-05-19 10:49:41'),(466,'503305','خربة اصفي',93,2,'2015-05-19 10:49:41','2015-05-19 10:49:41'),(467,'503310','منطقة شعب البطن',133,2,'2015-05-19 10:49:41','2015-05-19 10:49:41'),(468,'503320','السموع',19154,2,'2015-05-19 10:49:41','2015-05-19 10:49:41'),(469,'503321','وادي العماير',469,2,'2015-05-19 10:49:41','2015-05-19 10:49:41'),(470,'503325','خربة طويل الشيح',177,2,'2015-05-19 10:49:41','2015-05-19 10:49:41'),(471,'503335','الرماضين',3198,2,'2015-05-19 10:49:41','2015-05-19 10:49:41'),(472,'503345','مغاير العبيد',4,2,'2015-05-19 10:49:41','2015-05-19 10:49:41'),(473,'503350','خربة الفخيت',225,2,'2015-05-19 10:49:41','2015-05-19 10:49:41'),(474,'503360','خربة بير العد',116,2,'2015-05-19 10:49:41','2015-05-19 10:49:41'),(475,'503375','خربة زنوتة',58,2,'2015-05-19 10:49:41','2015-05-19 10:49:41'),(476,'503380','إمنيزل',380,2,'2015-05-19 10:49:41','2015-05-19 10:49:41'),(477,'503405','عرب الفريجات',557,2,'2015-05-19 10:49:41','2015-05-19 10:49:41'),(478,'552681','أم النصر (القرية البدوية المسلخ)',2760,13,'2015-05-19 10:49:41','2015-05-19 10:49:41'),(479,'552695','بيت لاهيا',63213,13,'2015-05-19 10:49:41','2015-05-19 10:49:41'),(480,'552740','بيت حانون',37351,13,'2015-05-19 10:49:41','2015-05-19 10:49:41'),(481,'552755','مخيم جباليا',41172,13,'2015-05-19 10:49:41','2015-05-19 10:49:41'),(482,'552790','جباليا',120859,13,'2015-05-19 10:49:41','2015-05-19 10:49:41'),(483,'602775','مخيم الشاطىء',33832,3,'2015-05-19 10:49:41','2015-05-19 10:49:41'),(484,'602825','غزة',438690,3,'2015-05-19 10:49:41','2015-05-19 10:49:41'),(485,'602900','مدينة الزهراء',3012,3,'2015-05-19 10:49:41','2015-05-19 10:49:41'),(486,'602945','المغراقه (ابو مدين)',6384,3,'2015-05-19 10:49:41','2015-05-19 10:49:41'),(487,'603045','جحر الديك',2853,3,'2015-05-19 10:49:41','2015-05-19 10:49:41'),(488,'653065','مخيم النصيرات',27441,16,'2015-05-19 10:49:41','2015-05-19 10:49:41'),(489,'653070','النصيرات',35821,16,'2015-05-19 10:49:41','2015-05-19 10:49:41'),(490,'653140','مخيم البريج',23412,16,'2015-05-19 10:49:41','2015-05-19 10:49:41'),(491,'653145','البريج',9604,16,'2015-05-19 10:49:41','2015-05-19 10:49:41'),(492,'653180','الزوايدة',16488,16,'2015-05-19 10:49:41','2015-05-19 10:49:41'),(493,'653200','مخيم دير البلح',6280,16,'2015-05-19 10:49:41','2015-05-19 10:49:41'),(494,'653210','مخيم المغازي',15701,16,'2015-05-19 10:49:41','2015-05-19 10:49:41'),(495,'653215','المغازي',6391,16,'2015-05-19 10:49:41','2015-05-19 10:49:41'),(496,'653240','دير البلح',53148,16,'2015-05-19 10:49:41','2015-05-19 10:49:41'),(497,'653250','المصدر',1900,16,'2015-05-19 10:49:41','2015-05-19 10:49:41'),(498,'653275','وادي السلقا',4503,16,'2015-05-19 10:49:41','2015-05-19 10:49:41'),(499,'703370','القرارة',19385,14,'2015-05-19 10:49:41','2015-05-19 10:49:41'),(500,'703410','مخيم خانيونس',36962,14,'2015-05-19 10:49:41','2015-05-19 10:49:41'),(501,'703420','خانيونس',140046,14,'2015-05-19 10:49:41','2015-05-19 10:49:41'),(502,'703425','بني سهيلا',31118,14,'2015-05-19 10:49:41','2015-05-19 10:49:41'),(503,'703430','عبسان الجديدة (الصغيرة )',5955,14,'2015-05-19 10:49:41','2015-05-19 10:49:41'),(504,'703445','عبسان الكبيرة',18070,14,'2015-05-19 10:49:41','2015-05-19 10:49:41'),(505,'703470','خزاعة',8980,14,'2015-05-19 10:49:41','2015-05-19 10:49:41'),(506,'703485','الفخاري',5437,14,'2015-05-19 10:49:41','2015-05-19 10:49:41'),(507,'753490','رفح',119763,15,'2015-05-19 10:49:41','2015-05-19 10:49:41'),(508,'753495','مخيم رفح',34248,15,'2015-05-19 10:49:41','2015-05-19 10:49:41'),(509,'753500','النصر (البيوك)',6212,15,'2015-05-19 10:49:41','2015-05-19 10:49:41'),(510,'753505','شوكة الصوفي',10539,15,'2015-05-19 10:49:41','2015-05-19 10:49:41'),(511,'402090','محافظة القدس',361743,1,'2015-05-19 10:49:41','2015-05-19 10:49:41');
/*!40000 ALTER TABLE `localities` ENABLE KEYS */;
UNLOCK TABLES;

--
-- Table structure for table `number_lists`
--

DROP TABLE IF EXISTS `number_lists`;
/*!40101 SET @saved_cs_client     = @@character_set_client */;
/*!40101 SET character_set_client = utf8 */;
CREATE TABLE `number_lists` (
  `id` int(11) NOT NULL AUTO_INCREMENT,
  `number_label` varchar(255) COLLATE utf8_unicode_ci DEFAULT NULL,
  `created_at` datetime NOT NULL,
  `updated_at` datetime NOT NULL,
  PRIMARY KEY (`id`)
) ENGINE=InnoDB DEFAULT CHARSET=utf8 COLLATE=utf8_unicode_ci;
/*!40101 SET character_set_client = @saved_cs_client */;

--
-- Dumping data for table `number_lists`
--

LOCK TABLES `number_lists` WRITE;
/*!40000 ALTER TABLE `number_lists` DISABLE KEYS */;
/*!40000 ALTER TABLE `number_lists` ENABLE KEYS */;
UNLOCK TABLES;

--
-- Table structure for table `proposal_assessment_summaries`
--

DROP TABLE IF EXISTS `proposal_assessment_summaries`;
/*!40101 SET @saved_cs_client     = @@character_set_client */;
/*!40101 SET character_set_client = utf8 */;
CREATE TABLE `proposal_assessment_summaries` (
  `id` int(11) NOT NULL AUTO_INCREMENT,
  `is_assessed` tinyint(1) DEFAULT NULL,
  `total_mark` float DEFAULT NULL,
  `proposal_id` int(11) DEFAULT NULL,
  `user_id` int(11) DEFAULT NULL,
  `created_at` datetime NOT NULL,
  `updated_at` datetime NOT NULL,
  PRIMARY KEY (`id`)
) ENGINE=InnoDB AUTO_INCREMENT=4 DEFAULT CHARSET=utf8 COLLATE=utf8_unicode_ci;
/*!40101 SET character_set_client = @saved_cs_client */;

--
-- Dumping data for table `proposal_assessment_summaries`
--

LOCK TABLES `proposal_assessment_summaries` WRITE;
/*!40000 ALTER TABLE `proposal_assessment_summaries` DISABLE KEYS */;
INSERT INTO `proposal_assessment_summaries` VALUES (1,NULL,NULL,1,3,'2017-01-19 11:42:51','2017-01-19 11:42:51'),(2,NULL,NULL,1,4,'2017-01-19 11:42:51','2017-01-19 11:42:51'),(3,NULL,NULL,1,-1,'2017-01-19 11:42:51','2017-01-19 11:42:51');
/*!40000 ALTER TABLE `proposal_assessment_summaries` ENABLE KEYS */;
UNLOCK TABLES;

--
-- Table structure for table `proposals`
--

DROP TABLE IF EXISTS `proposals`;
/*!40101 SET @saved_cs_client     = @@character_set_client */;
/*!40101 SET character_set_client = utf8 */;
CREATE TABLE `proposals` (
  `id` int(11) NOT NULL AUTO_INCREMENT,
  `project_name` varchar(255) COLLATE utf8_unicode_ci DEFAULT NULL,
  `sector_id` int(11) DEFAULT NULL,
  `project_background` text COLLATE utf8_unicode_ci,
  `proposal_date` date DEFAULT NULL,
  `expected_start_date` date DEFAULT NULL,
  `project_period` float DEFAULT NULL,
  `project_aim` text COLLATE utf8_unicode_ci,
  `target_audience` text COLLATE utf8_unicode_ci,
  `development_goal_id` int(11) DEFAULT NULL,
  `project_actions_description` text COLLATE utf8_unicode_ci,
  `stakeholders_choosing_method` text COLLATE utf8_unicode_ci,
  `stakeholders_description` text COLLATE utf8_unicode_ci,
  `project_approach` text COLLATE utf8_unicode_ci,
  `technical_methodology` text COLLATE utf8_unicode_ci,
  `logical_framework` text COLLATE utf8_unicode_ci,
  `supervision` text COLLATE utf8_unicode_ci,
  `project_sustainability` text COLLATE utf8_unicode_ci,
  `executive_organization` varchar(255) COLLATE utf8_unicode_ci DEFAULT NULL,
  `joint_ventures` text COLLATE utf8_unicode_ci,
  `organization_experience` text COLLATE utf8_unicode_ci,
  `contact_person` varchar(255) COLLATE utf8_unicode_ci DEFAULT NULL,
  `contact_phone` varchar(255) COLLATE utf8_unicode_ci DEFAULT NULL,
  `contact_email` varchar(255) COLLATE utf8_unicode_ci DEFAULT NULL,
  `positive_impact` text COLLATE utf8_unicode_ci,
  `negative_impact` text COLLATE utf8_unicode_ci,
  `short_term_work_opportunities` int(11) DEFAULT NULL,
  `long_term_work_opportunities` int(11) DEFAULT NULL,
  `project_schedule` varchar(255) COLLATE utf8_unicode_ci DEFAULT NULL,
  `photos_before_implementation` text COLLATE utf8_unicode_ci,
  `project_photos` text COLLATE utf8_unicode_ci,
  `design_readiness_id` int(11) DEFAULT NULL,
  `user_id` int(11) DEFAULT NULL,
  `created_at` datetime NOT NULL,
  `updated_at` datetime NOT NULL,
  `grant_id` int(11) DEFAULT NULL,
  `is_submitted` tinyint(1) DEFAULT NULL,
  `average_mark` float DEFAULT NULL,
  `is_selected` tinyint(1) DEFAULT NULL,
  PRIMARY KEY (`id`)
) ENGINE=InnoDB AUTO_INCREMENT=2 DEFAULT CHARSET=utf8 COLLATE=utf8_unicode_ci;
/*!40101 SET character_set_client = @saved_cs_client */;

--
-- Dumping data for table `proposals`
--

LOCK TABLES `proposals` WRITE;
/*!40000 ALTER TABLE `proposals` DISABLE KEYS */;
INSERT INTO `proposals` VALUES (1,'بناء مدرسة مرح وفرح',1,'',NULL,'2017-01-19',10,'','',4,'','','','','','','','','Test','test','','22','222222','222@es.ps','+++++','-----',133,23,'',NULL,NULL,NULL,5,'2017-01-19 00:00:00','2017-01-19 11:42:51',1,1,NULL,NULL);
/*!40000 ALTER TABLE `proposals` ENABLE KEYS */;
UNLOCK TABLES;

--
-- Table structure for table `provinces`
--

DROP TABLE IF EXISTS `provinces`;
/*!40101 SET @saved_cs_client     = @@character_set_client */;
/*!40101 SET character_set_client = utf8 */;
CREATE TABLE `provinces` (
  `id` int(11) NOT NULL AUTO_INCREMENT,
  `name` varchar(255) COLLATE utf8_unicode_ci DEFAULT NULL,
  `created_at` datetime NOT NULL,
  `updated_at` datetime NOT NULL,
  `poverty_mapping` float DEFAULT NULL,
  PRIMARY KEY (`id`)
) ENGINE=InnoDB AUTO_INCREMENT=17 DEFAULT CHARSET=utf8 COLLATE=utf8_unicode_ci;
/*!40101 SET character_set_client = @saved_cs_client */;

--
-- Dumping data for table `provinces`
--

LOCK TABLES `provinces` WRITE;
/*!40000 ALTER TABLE `provinces` DISABLE KEYS */;
INSERT INTO `provinces` VALUES (1,'القدس','2015-09-09 16:20:03','2015-09-09 16:20:03',4),(2,'الخليل','2015-09-09 16:23:41','2015-09-09 16:23:41',4),(3,'غزة','2015-09-09 16:24:50','2015-09-09 16:24:50',4),(4,'أريحا','2015-09-09 16:25:09','2015-09-09 16:25:09',3),(5,'سلفيت','2015-09-09 16:25:21','2015-09-09 16:25:21',3),(6,'طوباس','2015-09-09 16:25:35','2015-09-09 16:25:35',3),(7,'بيت لحم','2015-09-09 16:25:51','2015-09-09 16:25:51',2),(8,'نابلس','2015-09-09 16:26:08','2015-09-09 16:26:08',2),(9,'طولكرم','2015-09-09 16:26:25','2015-09-09 16:26:25',2),(10,'جنين','2015-09-09 16:26:45','2015-09-09 16:26:45',1),(11,'قلقيلية','2015-09-09 16:27:22','2015-09-09 16:27:22',1),(12,'رام الله','2015-09-09 16:27:39','2015-09-09 16:27:39',1),(13,'شمال غزة','2015-09-09 16:28:01','2015-09-09 16:28:01',4),(14,'خانيونس','2015-09-09 16:28:23','2015-09-09 16:28:23',4),(15,'رفح','2015-09-09 16:28:43','2015-09-09 16:28:43',4),(16,'غزة الوسطى','2015-09-09 16:29:02','2015-09-09 16:29:02',4);
/*!40000 ALTER TABLE `provinces` ENABLE KEYS */;
UNLOCK TABLES;

--
-- Table structure for table `redactor_assets`
--

DROP TABLE IF EXISTS `redactor_assets`;
/*!40101 SET @saved_cs_client     = @@character_set_client */;
/*!40101 SET character_set_client = utf8 */;
CREATE TABLE `redactor_assets` (
  `id` int(11) NOT NULL AUTO_INCREMENT,
  `data_file_name` varchar(255) COLLATE utf8_unicode_ci NOT NULL,
  `data_content_type` varchar(255) COLLATE utf8_unicode_ci DEFAULT NULL,
  `data_file_size` int(11) DEFAULT NULL,
  `assetable_id` int(11) DEFAULT NULL,
  `assetable_type` varchar(30) COLLATE utf8_unicode_ci DEFAULT NULL,
  `type` varchar(30) COLLATE utf8_unicode_ci DEFAULT NULL,
  `width` int(11) DEFAULT NULL,
  `height` int(11) DEFAULT NULL,
  `created_at` datetime DEFAULT NULL,
  `updated_at` datetime DEFAULT NULL,
  PRIMARY KEY (`id`),
  KEY `idx_redactor_assetable_type` (`assetable_type`,`type`,`assetable_id`),
  KEY `idx_redactor_assetable` (`assetable_type`,`assetable_id`)
) ENGINE=InnoDB DEFAULT CHARSET=utf8 COLLATE=utf8_unicode_ci;
/*!40101 SET character_set_client = @saved_cs_client */;

--
-- Dumping data for table `redactor_assets`
--

LOCK TABLES `redactor_assets` WRITE;
/*!40000 ALTER TABLE `redactor_assets` DISABLE KEYS */;
/*!40000 ALTER TABLE `redactor_assets` ENABLE KEYS */;
UNLOCK TABLES;

--
-- Table structure for table `sectors`
--

DROP TABLE IF EXISTS `sectors`;
/*!40101 SET @saved_cs_client     = @@character_set_client */;
/*!40101 SET character_set_client = utf8 */;
CREATE TABLE `sectors` (
  `id` int(11) NOT NULL AUTO_INCREMENT,
  `programme` varchar(255) COLLATE utf8_unicode_ci DEFAULT NULL,
  `percentage` int(11) DEFAULT NULL,
  `is_active` tinyint(1) DEFAULT NULL,
  `created_at` datetime NOT NULL,
  `updated_at` datetime NOT NULL,
  PRIMARY KEY (`id`)
) ENGINE=InnoDB AUTO_INCREMENT=8 DEFAULT CHARSET=utf8 COLLATE=utf8_unicode_ci;
/*!40101 SET character_set_client = @saved_cs_client */;

--
-- Dumping data for table `sectors`
--

LOCK TABLES `sectors` WRITE;
/*!40000 ALTER TABLE `sectors` DISABLE KEYS */;
INSERT INTO `sectors` VALUES (1,'مدينة القدس الشريف',25,1,'2015-04-30 12:11:26','2017-01-19 09:47:52'),(2,'التمكين الاقتصادي للأسر الفقيرة',20,0,'2015-04-30 12:12:18','2015-04-30 12:12:18'),(3,'التنمية الريفية في مناطق \"ج\"',25,0,'2015-04-30 12:13:10','2015-04-30 12:13:10'),(4,'التعليم',10,0,'2015-04-30 12:13:43','2015-04-30 12:13:43'),(5,'تقوية مؤسسات بناء الدولة',8,0,'2015-04-30 12:14:29','2015-04-30 12:14:29'),(6,'مؤسسات المجتمع المدني',7,0,'2015-04-30 12:15:12','2015-04-30 12:15:12'),(7,'أخرى',5,1,'2015-04-30 12:15:36','2015-09-19 10:11:54');
/*!40000 ALTER TABLE `sectors` ENABLE KEYS */;
UNLOCK TABLES;

--
-- Table structure for table `users`
--

DROP TABLE IF EXISTS `users`;
/*!40101 SET @saved_cs_client     = @@character_set_client */;
/*!40101 SET character_set_client = utf8 */;
CREATE TABLE `users` (
  `id` int(11) NOT NULL AUTO_INCREMENT,
  `email` varchar(255) COLLATE utf8_unicode_ci NOT NULL DEFAULT '',
  `encrypted_password` varchar(255) COLLATE utf8_unicode_ci NOT NULL DEFAULT '',
  `reset_password_token` varchar(255) COLLATE utf8_unicode_ci DEFAULT NULL,
  `reset_password_sent_at` datetime DEFAULT NULL,
  `remember_created_at` datetime DEFAULT NULL,
  `sign_in_count` int(11) NOT NULL DEFAULT '0',
  `current_sign_in_at` datetime DEFAULT NULL,
  `last_sign_in_at` datetime DEFAULT NULL,
  `current_sign_in_ip` varchar(255) COLLATE utf8_unicode_ci DEFAULT NULL,
  `last_sign_in_ip` varchar(255) COLLATE utf8_unicode_ci DEFAULT NULL,
  `created_at` datetime DEFAULT NULL,
  `updated_at` datetime DEFAULT NULL,
  `user_type` varchar(255) COLLATE utf8_unicode_ci DEFAULT NULL,
  `email_confirmed` tinyint(1) DEFAULT '0',
  `confirm_token` varchar(255) COLLATE utf8_unicode_ci DEFAULT NULL,
  `user_name` varchar(255) COLLATE utf8_unicode_ci DEFAULT NULL,
  `confirmed_at` datetime DEFAULT NULL,
  `confirmation_sent_at` datetime DEFAULT NULL,
  `confirmation_token` text COLLATE utf8_unicode_ci,
  PRIMARY KEY (`id`),
  UNIQUE KEY `index_users_on_email` (`email`),
  UNIQUE KEY `index_users_on_reset_password_token` (`reset_password_token`)
) ENGINE=InnoDB AUTO_INCREMENT=6 DEFAULT CHARSET=utf8 COLLATE=utf8_unicode_ci;
/*!40101 SET character_set_client = @saved_cs_client */;

--
-- Dumping data for table `users`
--

LOCK TABLES `users` WRITE;
/*!40000 ALTER TABLE `users` DISABLE KEYS */;
INSERT INTO `users` VALUES (2,'admin@admin.ps','$2a$10$mEBvmL0BmrXEK03oVtrpve2jELKBNXv5mcxxWp/lhQIHRsdN9BOHq',NULL,NULL,NULL,7,'2017-01-19 13:18:31','2017-01-19 11:15:54','::1','::1','2017-01-19 07:01:46','2017-01-19 13:18:31','A',0,NULL,'Admin',NULL,NULL,NULL),(3,'raedazmi@gmail.com','$2a$10$eMXMvPIbXRZoeOYjL1OGmewpWaPDDtWpGELM30Uyx2amvo8PpA5h6',NULL,NULL,NULL,1,'2017-01-19 11:40:19','2017-01-19 11:40:19','::1','::1','2017-01-19 10:34:38','2017-01-19 11:40:19','E',0,NULL,'Raed Tailakh',NULL,NULL,NULL),(4,'m.k.dodin@gmail.com','$2a$10$dgdW.ONQPf3Sctbc3NZyAe6PmT6ImXPNXj7hnV6NdUmcdO6TFQkGC',NULL,NULL,NULL,0,NULL,NULL,NULL,NULL,'2017-01-19 10:35:16','2017-01-19 10:35:16','E',0,NULL,'Mohammad Dodin',NULL,NULL,NULL),(5,'test@test.ps','$2a$10$xADgV.SRD2ri1Ki8n.teAu/r6udO3ij3jrGjQHb9U6p1UbRrnp4MC',NULL,NULL,NULL,3,'2017-01-19 13:11:43','2017-01-19 11:40:35','::1','::1','2017-01-19 10:42:53','2017-01-19 13:11:43','U',0,NULL,'Edu Charity',NULL,NULL,NULL);
/*!40000 ALTER TABLE `users` ENABLE KEYS */;
UNLOCK TABLES;
/*!40103 SET TIME_ZONE=@OLD_TIME_ZONE */;

/*!40101 SET SQL_MODE=@OLD_SQL_MODE */;
/*!40014 SET FOREIGN_KEY_CHECKS=@OLD_FOREIGN_KEY_CHECKS */;
/*!40014 SET UNIQUE_CHECKS=@OLD_UNIQUE_CHECKS */;
/*!40101 SET CHARACTER_SET_CLIENT=@OLD_CHARACTER_SET_CLIENT */;
/*!40101 SET CHARACTER_SET_RESULTS=@OLD_CHARACTER_SET_RESULTS */;
/*!40101 SET COLLATION_CONNECTION=@OLD_COLLATION_CONNECTION */;
/*!40111 SET SQL_NOTES=@OLD_SQL_NOTES */;

-- Dump completed on 2017-01-19 21:20:10
